-- phpMyAdmin SQL Dump
-- version 4.6.6
-- https://www.phpmyadmin.net/
--
-- Host: localhost:3306
-- Generation Time: Jul 17, 2017 at 03:35 AM
-- Server version: 10.0.31-MariaDB
-- PHP Version: 5.6.30

SET SQL_MODE = "NO_AUTO_VALUE_ON_ZERO";
SET time_zone = "+00:00";


/*!40101 SET @OLD_CHARACTER_SET_CLIENT=@@CHARACTER_SET_CLIENT */;
/*!40101 SET @OLD_CHARACTER_SET_RESULTS=@@CHARACTER_SET_RESULTS */;
/*!40101 SET @OLD_COLLATION_CONNECTION=@@COLLATION_CONNECTION */;
/*!40101 SET NAMES utf8mb4 */;

--
-- Database: `fireemblemheroes`
--

-- --------------------------------------------------------

--
-- Table structure for table `hero`
--

CREATE TABLE `hero` (
  `hero_id` int(11) NOT NULL,
  `name` varchar(20) NOT NULL,
  `basehp` int(11) NOT NULL,
  `baseatk` int(11) NOT NULL,
  `basespd` int(11) NOT NULL,
  `basedef` int(11) NOT NULL,
  `baseres` int(11) NOT NULL,
  `maxhp` int(11) NOT NULL,
  `maxatk` int(11) NOT NULL,
  `maxspd` int(11) NOT NULL,
  `maxdef` int(11) NOT NULL,
  `maxres` int(11) NOT NULL,
  `hpgrowth` int(11) NOT NULL,
  `atkgrowth` int(11) NOT NULL,
  `spdgrowth` int(11) NOT NULL,
  `defgrowth` int(11) NOT NULL,
  `resgrowth` int(11) NOT NULL,
  `color` varchar(10) NOT NULL,
  `weapontype` varchar(20) NOT NULL,
  `movetype` varchar(10) NOT NULL COMMENT 'infantry, cavalry, flying, or armored',
  `minrarity` int(11) NOT NULL
) ENGINE=InnoDB DEFAULT CHARSET=latin1;

--
-- Dumping data for table `hero`
--

INSERT INTO `hero` (`hero_id`, `name`, `basehp`, `baseatk`, `basespd`, `basedef`, `baseres`, `maxhp`, `maxatk`, `maxspd`, `maxdef`, `maxres`, `hpgrowth`, `atkgrowth`, `spdgrowth`, `defgrowth`, `resgrowth`, `color`, `weapontype`, `movetype`, `minrarity`) VALUES
(1, 'Alfonse', 19, 9, 6, 8, 5, 43, 35, 25, 32, 22, 7, 8, 5, 7, 4, 'red', 'sword', 'infantry', 2),
(2, 'Caeda', 17, 6, 9, 5, 10, 36, 25, 37, 24, 34, 5, 5, 9, 5, 7, 'red', 'sword', 'flying', 4),
(3, 'Cain', 18, 8, 6, 8, 6, 42, 32, 32, 27, 21, 7, 7, 8, 5, 3, 'red', 'sword', 'cavalry', 4),
(4, 'Chrom', 21, 9, 6, 7, 4, 47, 37, 25, 31, 17, 8, 9, 5, 7, 2, 'red', 'sword', 'infantry', 4),
(5, 'Corrin(M)', 20, 8, 8, 6, 5, 42, 32, 32, 28, 24, 6, 7, 7, 6, 5, 'red', 'sword', 'infantry', 4),
(6, 'Draug', 24, 8, 6, 13, 3, 50, 30, 32, 39, 18, 8, 6, 8, 8, 3, 'red', 'sword', 'armored', 2),
(7, 'Eirika', 18, 7, 9, 7, 6, 42, 26, 35, 26, 28, 7, 5, 8, 5, 6, 'red', 'sword', 'infantry', 4),
(8, 'Eldigan', 19, 8, 5, 8, 6, 45, 32, 24, 34, 19, 8, 7, 5, 8, 2, 'red', 'sword', 'cavalry', 5),
(9, 'Eliwood', 17, 7, 8, 6, 8, 39, 31, 30, 23, 32, 6, 7, 6, 4, 7, 'red', 'sword', 'cavalry', 3),
(10, 'Fir', 19, 6, 10, 5, 7, 41, 25, 36, 24, 31, 6, 5, 8, 5, 7, 'red', 'sword', 'infantry', 3),
(11, 'Hana', 18, 9, 10, 6, 4, 37, 35, 36, 23, 26, 5, 8, 8, 4, 6, 'red', 'sword', 'infantry', 3),
(12, 'Henry', 19, 6, 5, 8, 6, 45, 23, 22, 32, 25, 8, 4, 4, 7, 5, 'red', 'redtome', 'infantry', 3),
(13, 'Hinata', 21, 8, 5, 10, 3, 47, 32, 24, 36, 18, 8, 7, 5, 8, 3, 'red', 'sword', 'infantry', 3),
(14, 'Karel', 19, 8, 9, 6, 5, 47, 30, 35, 25, 20, 9, 6, 8, 5, 3, 'red', 'sword', 'infantry', 5),
(15, 'Laslow', 20, 9, 7, 6, 5, 44, 35, 26, 30, 22, 7, 8, 5, 7, 4, 'red', 'sword', 'infantry', 3),
(16, 'Leo', 17, 7, 5, 6, 8, 39, 29, 22, 25, 30, 6, 6, 4, 5, 6, 'red', 'redtome', 'cavalry', 5),
(17, 'Lilina', 16, 9, 6, 4, 9, 35, 37, 25, 19, 31, 5, 9, 5, 3, 6, 'red', 'redtome', 'infantry', 4),
(18, 'Lonqu', 19, 7, 11, 5, 5, 45, 29, 39, 22, 22, 8, 6, 9, 4, 4, 'red', 'sword', 'infantry', 3),
(19, 'Lucina', 19, 8, 10, 6, 4, 43, 34, 36, 25, 19, 7, 8, 8, 5, 3, 'red', 'sword', 'infantry', 5),
(20, 'Lyn', 18, 6, 11, 7, 5, 37, 28, 37, 26, 29, 5, 6, 8, 5, 7, 'red', 'sword', 'infantry', 5),
(21, 'Marth', 19, 7, 8, 7, 6, 41, 31, 34, 29, 23, 6, 7, 8, 6, 4, 'red', 'sword', 'infantry', 4),
(22, 'Ogma', 21, 7, 10, 6, 3, 47, 35, 34, 28, 13, 8, 9, 7, 6, 1, 'red', 'sword', 'infantry', 4),
(23, 'Olivia', 17, 6, 7, 5, 4, 36, 28, 33, 27, 26, 5, 6, 8, 6, 6, 'red', 'sword', 'infantry', 3),
(24, 'Palla', 18, 7, 9, 6, 7, 42, 31, 31, 28, 26, 7, 7, 6, 6, 5, 'red', 'sword', 'flying', 3),
(25, 'Raigh', 17, 8, 7, 5, 7, 36, 32, 29, 22, 29, 5, 7, 6, 4, 6, 'red', 'redtome', 'infantry', 3),
(26, 'Roy', 20, 8, 9, 6, 4, 44, 30, 31, 25, 28, 7, 6, 6, 5, 7, 'red', 'sword', 'infantry', 4),
(27, 'Ryoma', 19, 8, 11, 5, 4, 41, 34, 35, 27, 21, 6, 8, 7, 6, 4, 'red', 'sword', 'infantry', 5),
(28, 'Sanaki', 16, 9, 7, 4, 8, 33, 37, 26, 17, 34, 4, 9, 5, 2, 8, 'red', 'redtome', 'infantry', 5),
(29, 'Selena', 18, 6, 9, 8, 6, 37, 25, 35, 32, 28, 5, 5, 8, 7, 6, 'red', 'sword', 'infantry', 3),
(30, 'Seliph', 19, 8, 7, 8, 5, 47, 34, 24, 30, 22, 9, 8, 4, 6, 4, 'red', 'sword', 'infantry', 4),
(31, 'Sophia', 18, 9, 4, 6, 7, 40, 33, 19, 28, 29, 6, 7, 3, 6, 6, 'red', 'redtome', 'infantry', 3),
(32, 'Stahl', 19, 7, 7, 8, 5, 45, 31, 26, 30, 22, 8, 7, 5, 6, 4, 'red', 'sword', 'cavalry', 3),
(33, 'Tharja', 17, 8, 8, 6, 5, 39, 32, 34, 23, 20, 6, 7, 8, 4, 3, 'red', 'redtome', 'infantry', 4),
(34, 'Tiki(A)', 18, 7, 6, 9, 7, 40, 35, 23, 35, 24, 6, 9, 4, 8, 4, 'red', 'dragon', 'infantry', 3),
(35, 'Tiki(Y)', 15, 5, 4, 8, 7, 41, 31, 30, 32, 29, 8, 8, 8, 7, 6, 'red', 'dragon', 'infantry', 5),
(36, 'Anna', 19, 7, 10, 5, 6, 41, 29, 38, 22, 28, 6, 6, 9, 4, 6, 'green', 'axe', 'infantry', 2),
(37, 'Arthur', 19, 8, 7, 8, 5, 43, 32, 29, 30, 24, 7, 7, 6, 6, 5, 'green', 'axe', 'infantry', 3),
(38, 'Barst', 20, 9, 8, 6, 4, 46, 33, 32, 30, 17, 8, 7, 7, 7, 2, 'green', 'axe', 'infantry', 3),
(39, 'Bartre', 21, 10, 6, 7, 3, 49, 36, 25, 33, 13, 9, 8, 5, 8, 1, 'green', 'axe', 'infantry', 3),
(40, 'Beruka', 20, 7, 6, 9, 5, 46, 29, 23, 37, 22, 8, 6, 4, 9, 4, 'green', 'axe', 'flying', 3),
(41, 'Camilla', 18, 8, 8, 6, 7, 37, 30, 32, 28, 31, 5, 6, 7, 6, 7, 'green', 'axe', 'flying', 4),
(42, 'Cecilia', 17, 8, 6, 5, 7, 36, 32, 25, 22, 29, 5, 7, 5, 4, 6, 'green', 'greentome', 'cavalry', 3),
(43, 'Cherche', 20, 10, 6, 8, 3, 46, 38, 25, 32, 16, 8, 9, 5, 7, 2, 'green', 'axe', 'flying', 3),
(44, 'Fae', 16, 5, 4, 6, 8, 46, 33, 28, 25, 30, 10, 9, 7, 5, 6, 'green', 'dragon', 'infantry', 4),
(45, 'Frederick', 19, 9, 6, 8, 4, 43, 35, 25, 36, 14, 7, 8, 5, 9, 1, 'green', 'axe', 'cavalry', 3),
(46, 'Gunter', 21, 10, 7, 11, 5, 43, 32, 24, 33, 18, 6, 6, 4, 6, 2, 'green', 'axe', 'cavalry', 3),
(47, 'Hawkeye', 21, 9, 5, 6, 6, 45, 33, 22, 28, 30, 7, 7, 4, 6, 7, 'green', 'axe', 'infantry', 4),
(48, 'Hector', 24, 10, 5, 11, 4, 52, 36, 24, 37, 19, 9, 8, 5, 8, 3, 'green', 'axe', 'armored', 5),
(49, 'Julia', 16, 9, 7, 4, 8, 38, 35, 26, 17, 32, 6, 8, 5, 2, 7, 'green', 'greentome', 'infantry', 5),
(50, 'Merric', 19, 7, 8, 6, 4, 43, 26, 32, 28, 19, 7, 5, 7, 6, 3, 'green', 'greentome', 'infantry', 4),
(51, 'Minerva', 18, 7, 9, 8, 5, 40, 31, 33, 32, 22, 6, 7, 7, 7, 4, 'green', 'axe', 'flying', 5),
(52, 'Narcian', 18, 7, 7, 8, 7, 42, 29, 29, 32, 26, 7, 6, 6, 7, 5, 'green', 'axe', 'flying', 2),
(53, 'Nino', 16, 7, 10, 4, 7, 33, 33, 36, 19, 26, 4, 8, 8, 3, 5, 'green', 'greentome', 'infantry', 3),
(54, 'Raven', 19, 8, 9, 6, 5, 41, 34, 35, 25, 22, 6, 8, 8, 5, 4, 'green', 'axe', 'infantry', 4),
(55, 'Robin(F)', 18, 7, 7, 7, 5, 40, 29, 29, 29, 22, 6, 6, 6, 6, 4, 'green', 'greentome', 'infantry', 2),
(56, 'Sheena', 21, 8, 6, 12, 7, 45, 30, 25, 36, 33, 7, 6, 5, 7, 8, 'green', 'axe', 'armored', 4),
(57, 'Abel', 17, 7, 8, 8, 6, 39, 33, 32, 25, 25, 6, 8, 7, 4, 5, 'blue', 'lance', 'cavalry', 4),
(58, 'Azura', 17, 5, 7, 4, 6, 36, 31, 33, 21, 28, 5, 8, 8, 4, 6, 'blue', 'lance', 'infantry', 5),
(59, 'Catria', 17, 7, 10, 7, 6, 39, 31, 34, 29, 25, 6, 7, 7, 6, 5, 'blue', 'lance', 'flying', 4),
(60, 'Cordelia', 18, 9, 9, 5, 6, 40, 35, 35, 22, 25, 6, 8, 8, 4, 5, 'blue', 'lance', 'flying', 4),
(61, 'Corrin(F)', 19, 8, 6, 8, 6, 41, 27, 34, 34, 21, 6, 5, 9, 8, 3, 'blue', 'dragon', 'infantry', 3),
(62, 'Donnel', 17, 7, 5, 6, 4, 43, 35, 29, 32, 23, 8, 9, 7, 8, 5, 'blue', 'lance', 'infantry', 3),
(63, 'Effie', 22, 12, 5, 11, 4, 50, 40, 22, 33, 23, 9, 9, 4, 6, 5, 'blue', 'lance', 'armored', 4),
(64, 'Ephraim', 19, 9, 6, 8, 5, 45, 35, 25, 32, 20, 8, 8, 5, 7, 3, 'blue', 'lance', 'infantry', 5),
(65, 'Est', 17, 9, 8, 5, 8, 36, 35, 30, 24, 32, 5, 8, 6, 5, 7, 'blue', 'lance', 'flying', 3),
(66, 'Florina', 18, 7, 8, 6, 8, 42, 29, 27, 25, 34, 7, 6, 5, 5, 8, 'blue', 'lance', 'flying', 3),
(67, 'Gwendolyn', 23, 8, 5, 12, 6, 49, 30, 24, 38, 28, 8, 6, 5, 8, 6, 'blue', 'lance', 'armored', 3),
(68, 'Hinoka', 19, 7, 8, 6, 7, 41, 35, 32, 25, 24, 6, 9, 7, 5, 4, 'blue', 'lance', 'flying', 5),
(69, 'Jagen', 20, 8, 7, 8, 11, 37, 27, 24, 25, 35, 4, 5, 4, 4, 7, 'blue', 'lance', 'cavalry', 3),
(70, 'Linde', 16, 9, 10, 4, 5, 35, 35, 36, 14, 27, 5, 8, 8, 1, 6, 'blue', 'bluetome', 'infantry', 5),
(71, 'Ninian', 16, 5, 7, 6, 5, 42, 24, 33, 23, 27, 8, 5, 8, 4, 6, 'blue', 'dragon', 'infantry', 5),
(72, 'Nowi', 17, 6, 5, 6, 5, 45, 34, 27, 30, 27, 9, 9, 6, 7, 6, 'blue', 'dragon', 'infantry', 4),
(73, 'Oboro', 18, 8, 7, 9, 5, 40, 32, 26, 35, 24, 6, 7, 5, 8, 5, 'blue', 'lance', 'infantry', 3),
(74, 'Odin', 19, 5, 8, 6, 6, 43, 22, 32, 25, 25, 7, 4, 7, 5, 5, 'blue', 'bluetome', 'infantry', 3),
(75, 'Olwen', 17, 7, 8, 5, 6, 34, 26, 34, 20, 30, 4, 5, 8, 3, 7, 'blue', 'bluetome', 'cavalry', 5),
(76, 'Peri', 16, 9, 9, 6, 6, 35, 33, 33, 23, 30, 5, 7, 7, 4, 7, 'blue', 'lance', 'cavalry', 4),
(77, 'Reinhardt', 16, 8, 6, 5, 8, 38, 32, 23, 27, 25, 6, 7, 4, 6, 4, 'blue', 'bluetome', 'cavalry', 4),
(78, 'Robin(M)', 18, 7, 7, 7, 5, 40, 29, 29, 29, 22, 6, 6, 6, 6, 4, 'blue', 'bluetome', 'infantry', 3),
(79, 'Shanna', 17, 8, 9, 6, 7, 39, 30, 35, 25, 29, 6, 6, 8, 5, 6, 'blue', 'lance', 'flying', 3),
(80, 'Sharena', 19, 8, 8, 7, 5, 43, 32, 32, 29, 22, 7, 7, 7, 6, 4, 'blue', 'lance', 'infantry', 2),
(81, 'Subaki', 18, 6, 9, 9, 5, 40, 25, 35, 35, 22, 6, 5, 8, 8, 4, 'blue', 'lance', 'flying', 3),
(82, 'Sully', 18, 7, 8, 7, 6, 42, 26, 34, 24, 28, 7, 5, 8, 4, 6, 'blue', 'lance', 'cavalry', 3),
(83, 'Ursula', 16, 7, 8, 4, 8, 35, 29, 32, 19, 30, 5, 6, 7, 3, 6, 'blue', 'bluetome', 'cavalry', 3),
(84, 'Azama', 19, 4, 7, 8, 6, 43, 21, 26, 32, 25, 7, 4, 5, 7, 5, 'gray', 'staff', 'infantry', 3),
(85, 'Clarine', 16, 6, 9, 5, 7, 35, 25, 33, 22, 29, 5, 5, 7, 4, 6, 'gray', 'staff', 'cavalry', 3),
(86, 'Elise', 15, 8, 8, 4, 8, 30, 32, 32, 19, 32, 3, 7, 7, 3, 7, 'gray', 'staff', 'cavalry', 5),
(87, 'Felicia', 15, 6, 11, 3, 9, 34, 23, 37, 18, 35, 5, 4, 8, 3, 8, 'gray', 'dagger', 'infantry', 3),
(88, 'Gaius', 18, 7, 10, 5, 4, 42, 29, 36, 22, 19, 7, 6, 8, 4, 3, 'gray', 'dagger', 'infantry', 3),
(89, 'Gordin', 19, 7, 6, 8, 4, 43, 31, 25, 32, 17, 7, 7, 5, 7, 2, 'gray', 'bow', 'infantry', 3),
(90, 'Jaffar', 17, 7, 9, 6, 5, 41, 26, 33, 25, 22, 7, 5, 7, 5, 4, 'gray', 'dagger', 'infantry', 5),
(91, 'Jakob', 17, 7, 9, 6, 5, 39, 29, 31, 25, 24, 6, 6, 6, 5, 5, 'gray', 'dagger', 'infantry', 4),
(92, 'Jeorge', 18, 8, 8, 5, 5, 37, 32, 32, 24, 22, 5, 7, 7, 5, 4, 'gray', 'bow', 'infantry', 4),
(93, 'Kagero', 16, 9, 8, 5, 6, 31, 35, 32, 22, 28, 3, 8, 7, 4, 6, 'gray', 'dagger', 'infantry', 4),
(94, 'Klein', 18, 9, 7, 5, 5, 40, 31, 33, 20, 24, 6, 6, 8, 3, 5, 'gray', 'bow', 'infantry', 4),
(95, 'Lachesis', 17, 6, 8, 5, 8, 39, 32, 25, 22, 30, 6, 8, 4, 4, 6, 'gray', 'staff', 'infantry', 4),
(96, 'Lissa', 17, 7, 6, 6, 8, 39, 26, 25, 28, 30, 6, 5, 5, 6, 6, 'gray', 'staff', 'infantry', 3),
(97, 'Lucius', 18, 6, 8, 3, 9, 37, 32, 30, 13, 35, 5, 8, 6, 1, 8, 'gray', 'staff', 'infantry', 4),
(98, 'Maria', 17, 5, 8, 4, 10, 36, 27, 34, 19, 32, 5, 6, 8, 3, 6, 'gray', 'staff', 'infantry', 4),
(99, 'Matthew', 17, 6, 10, 6, 5, 41, 25, 34, 30, 18, 7, 5, 7, 7, 2, 'gray', 'dagger', 'infantry', 3),
(100, 'Niles', 18, 6, 8, 4, 8, 37, 25, 34, 17, 34, 5, 5, 8, 2, 8, 'gray', 'bow', 'infantry', 3),
(101, 'Priscilla', 17, 7, 7, 4, 8, 36, 29, 29, 19, 32, 5, 6, 6, 3, 7, 'gray', 'staff', 'cavalry', 4),
(102, 'Rebecca', 18, 7, 8, 6, 5, 37, 29, 34, 21, 27, 5, 6, 8, 3, 6, 'gray', 'bow', 'infantry', 4),
(103, 'Saizo', 17, 7, 8, 9, 3, 36, 29, 34, 33, 16, 5, 6, 8, 7, 2, 'gray', 'dagger', 'infantry', 3),
(104, 'Sakura', 17, 6, 8, 5, 8, 36, 28, 30, 24, 30, 5, 6, 6, 5, 6, 'gray', 'staff', 'infantry', 4),
(105, 'Serra', 16, 6, 9, 4, 9, 33, 30, 31, 21, 33, 4, 7, 6, 4, 7, 'gray', 'staff', 'infantry', 3),
(106, 'Setsuna', 18, 6, 9, 5, 6, 37, 28, 37, 22, 23, 5, 6, 9, 4, 4, 'gray', 'bow', 'infantry', 3),
(107, 'Takumi', 18, 8, 7, 6, 5, 40, 32, 33, 25, 18, 6, 7, 8, 5, 2, 'gray', 'bow', 'infantry', 5),
(108, 'Virion', 20, 7, 7, 7, 3, 46, 31, 31, 26, 13, 8, 7, 7, 5, 1, 'gray', 'bow', 'infantry', 3),
(109, 'Wrys', 18, 5, 6, 5, 10, 42, 24, 23, 22, 36, 7, 5, 4, 4, 8, 'gray', 'staff', 'infantry', 3),
(111, 'Michalis', 19, 8, 7, 9, 4, 43, 34, 26, 35, 19, 7, 8, 5, 8, 3, 'green', 'axe', 'flying', 3),
(112, 'Lucina (Spring)', 16, 7, 10, 5, 6, 35, 29, 36, 22, 25, 5, 6, 8, 4, 5, 'blue', 'bluetome', 'infantry', 5),
(113, 'Camilla (Spring)', 17, 9, 6, 8, 4, 39, 35, 25, 30, 19, 6, 8, 5, 6, 3, 'green', 'greentome', 'flying', 5),
(114, 'Xander (Spring)', 18, 6, 6, 9, 7, 40, 25, 28, 35, 26, 6, 5, 6, 8, 5, 'blue', 'lance', 'cavalry', 5),
(115, 'Chrom (Spring)', 19, 9, 8, 6, 5, 43, 35, 32, 28, 20, 7, 8, 7, 6, 3, 'green', 'axe', 'infantry', 5),
(116, 'Navarre', 18, 7, 11, 6, 5, 0, 0, 0, 0, 0, 7, 7, 8, 4, 5, 'red', 'sword', 'infantry', 3),
(117, 'Alm', 21, 9, 6, 6, 5, 0, 0, 0, 0, 0, 7, 7, 7, 6, 4, 'red', 'sword', 'infantry', 5),
(118, 'Clair', 18, 7, 8, 5, 9, 0, 0, 0, 0, 0, 5, 5, 9, 5, 7, 'blue', 'lance', 'flying', 5),
(119, 'Lukas', 19, 9, 5, 10, 4, 0, 0, 0, 0, 0, 8, 8, 4, 9, 2, 'blue', 'lance', 'infantry', 5),
(120, 'Faye', 16, 6, 3, 4, 7, 0, 0, 0, 0, 0, 8, 7, 6, 6, 7, 'gray', 'bow', 'infantry', 5),
(121, 'Zephiel', 25, 9, 3, 12, 5, 0, 0, 0, 0, 0, 10, 8, 2, 8, 5, 'red', 'sword', 'armored', 3),
(123, 'Ike', 18, 9, 7, 8, 5, 0, 0, 0, 0, 0, 7, 8, 7, 7, 2, 'red', 'sword', 'infantry', 5),
(124, 'Mist', 17, 8, 6, 5, 8, 0, 0, 0, 0, 0, 6, 5, 6, 3, 8, 'gray', 'staff', 'infantry', 5),
(125, 'Soren', 17, 7, 9, 4, 7, 0, 0, 0, 0, 0, 5, 8, 7, 2, 6, 'green', 'greentome', 'infantry', 5),
(126, 'Titania', 18, 6, 8, 6, 8, 0, 0, 0, 0, 0, 5, 6, 8, 5, 6, 'green', 'axe', 'cavalry', 5),
(127, 'Xander', 20, 8, 5, 9, 4, 0, 0, 0, 0, 0, 7, 7, 5, 9, 2, 'red', 'sword', 'cavalry', 3),
(128, 'Boey', 19, 7, 5, 8, 5, 0, 0, 0, 0, 0, 7, 6, 6, 7, 2, 'green', 'greentome', 'infantry', 5),
(129, 'Celica', 17, 8, 7, 5, 7, 0, 0, 0, 0, 0, 6, 7, 8, 4, 3, 'red', 'redtome', 'infantry', 5),
(130, 'Genny', 17, 9, 6, 4, 8, 0, 0, 0, 0, 0, 3, 8, 5, 4, 8, 'gray', 'staff', 'infantry', 5),
(131, 'Mae', 16, 10, 7, 3, 8, 0, 0, 0, 0, 0, 5, 8, 7, 2, 6, 'blue', 'bluetome', 'infantry', 5),
(132, 'Lloyd', 17, 8, 9, 5, 8, 0, 0, 0, 0, 0, 7, 7, 8, 3, 6, 'red', 'sword', 'infantry', 3),
(133, 'Caeda (Bride)', 16, 7, 9, 4, 8, 0, 0, 0, 0, 0, 4, 6, 9, 3, 6, 'blue', 'bluetome', 'infantry', 5),
(134, 'Camus', 18, 8, 9, 7, 4, 0, 0, 0, 0, 0, 7, 7, 7, 7, 2, 'blue', 'lance', 'cavalry', 3),
(135, 'Charlotte (Bride)', 20, 10, 8, 5, 4, 0, 0, 0, 0, 0, 8, 8, 7, 5, 3, 'blue', 'lance', 'infantry', 5),
(136, 'Cordelia (Bride)', 17, 9, 9, 4, 5, 0, 0, 0, 0, 0, 5, 8, 8, 3, 4, 'gray', 'bow', 'infantry', 5),
(137, 'Lyn (Bride)', 17, 6, 10, 6, 5, 0, 0, 0, 0, 0, 6, 6, 7, 4, 5, 'gray', 'staff', 'infantry', 5),
(138, 'Marth (Masked)', 19, 8, 10, 6, 4, 0, 0, 0, 0, 0, 7, 8, 8, 5, 3, 'red', 'sword', 'infantry', 4),
(139, 'Katarina', 17, 6, 8, 5, 8, 0, 0, 0, 0, 0, 4, 8, 8, 1, 7, 'red', 'redtome', 'infantry', 5),
(140, 'Athena', 17, 7, 10, 8, 5, 0, 0, 0, 0, 0, 5, 7, 9, 5, 5, 'red', 'sword', 'infantry', 5),
(141, 'Roderick', 18, 7, 8, 6, 7, 0, 0, 0, 0, 0, 6, 7, 8, 5, 4, 'blue', 'lance', 'cavalry', 5),
(142, 'Luke', 19, 8, 6, 8, 5, 0, 0, 0, 0, 0, 7, 8, 6, 6, 3, 'red', 'sword', 'cavalry', 5),
(143, 'Legion', 20, 10, 9, 5, 3, 0, 0, 0, 0, 0, 8, 8, 8, 4, 3, 'green', 'axe', 'infantry', 3),
(144, 'Clarisse', 18, 7, 8, 6, 5, 0, 0, 0, 0, 0, 5, 7, 8, 5, 3, 'gray', 'bow', 'infantry', 5),
(145, 'Frederick (Summer)', 18, 8, 7, 6, 5, 0, 0, 0, 0, 0, 6, 7, 7, 6, 2, 'gray', 'dagger', 'infantry', 5),
(146, 'Gaius (Summer)', 17, 8, 9, 4, 6, 0, 0, 0, 0, 0, 4, 6, 9, 3, 6, 'gray', 'bow', 'infantry', 5),
(147, 'Robin(F) (Summer)', 18, 8, 8, 6, 7, 0, 0, 0, 0, 0, 4, 7, 8, 6, 6, 'blue', 'lance', 'infantry', 5),
(148, 'Tiki(A) (Summer)', 18, 8, 6, 8, 7, 0, 0, 0, 0, 0, 4, 9, 7, 7, 4, 'green', 'axe', 'infantry', 5),
(149, 'Tobin', 18, 7, 5, 5, 4, 46, 31, 27, 33, 26, 9, 7, 6, 9, 6, 'red', 'sword', 'infantry', 4),
(150, 'Delthea', 16, 10, 8, 3, 7, 33, 36, 34, 13, 31, 4, 8, 8, 1, 7, 'blue', 'bluetome', 'infantry', 5),
(151, 'Sonya', 17, 7, 7, 5, 8, 36, 33, 31, 15, 32, 5, 8, 7, 1, 7, 'green', 'greentome', 'infantry', 5),
(152, 'Gray', 17, 7, 6, 6, 3, 43, 35, 32, 30, 22, 8, 9, 8, 7, 5, 'red', 'sword', 'infantry', 5),
(153, 'Leon', 17, 8, 6, 8, 5, 39, 34, 30, 30, 15, 6, 8, 7, 6, 1, 'gray', 'bow', 'infantry', 5),
(154, 'Saber', 18, 7, 9, 8, 5, 40, 31, 33, 32, 22, 6, 7, 7, 7, 4, 'red', 'sword', 'infantry', 5);

-- --------------------------------------------------------

--
-- Table structure for table `hero_skill`
--

CREATE TABLE `hero_skill` (
  `hero_id` int(11) NOT NULL,
  `skill_id` int(11) NOT NULL,
  `rarity` int(11) NOT NULL
) ENGINE=InnoDB DEFAULT CHARSET=latin1;

--
-- Dumping data for table `hero_skill`
--

INSERT INTO `hero_skill` (`hero_id`, `skill_id`, `rarity`) VALUES
(1, 1, 1),
(1, 2, 2),
(1, 3, 3),
(1, 18, 5),
(1, 157, 2),
(1, 168, 4),
(1, 229, 1),
(1, 230, 2),
(1, 231, 4),
(1, 340, 3),
(1, 341, 4),
(1, 342, 5),
(2, 1, 1),
(2, 2, 2),
(2, 5, 3),
(2, 6, 5),
(2, 133, 3),
(2, 226, 3),
(2, 227, 4),
(2, 228, 5),
(2, 337, 1),
(2, 338, 2),
(2, 375, 4),
(3, 1, 1),
(3, 2, 2),
(3, 7, 3),
(3, 8, 5),
(3, 189, 2),
(3, 191, 4),
(3, 268, 1),
(3, 269, 2),
(3, 270, 4),
(3, 352, 3),
(3, 353, 4),
(3, 354, 5),
(4, 1, 1),
(4, 2, 2),
(4, 3, 3),
(4, 17, 5),
(4, 157, 2),
(4, 168, 4),
(4, 176, 5),
(4, 241, 1),
(4, 242, 2),
(4, 243, 4),
(4, 346, 3),
(4, 347, 4),
(4, 348, 5),
(5, 1, 1),
(5, 2, 2),
(5, 3, 3),
(5, 24, 5),
(5, 155, 2),
(5, 164, 4),
(5, 211, 1),
(5, 212, 2),
(5, 213, 4),
(5, 274, 3),
(5, 275, 4),
(5, 276, 5),
(6, 1, 1),
(6, 2, 2),
(6, 7, 3),
(6, 8, 5),
(6, 189, 3),
(6, 192, 4),
(6, 325, 3),
(6, 346, 1),
(6, 347, 2),
(6, 373, 4),
(7, 1, 1),
(7, 2, 2),
(7, 3, 3),
(7, 21, 5),
(7, 140, 3),
(7, 327, 3),
(7, 331, 1),
(7, 332, 2),
(7, 333, 4),
(8, 1, 1),
(8, 2, 2),
(8, 3, 3),
(8, 19, 5),
(8, 179, 2),
(8, 185, 4),
(8, 217, 3),
(8, 218, 4),
(8, 219, 5),
(8, 325, 3),
(9, 1, 1),
(9, 2, 2),
(9, 3, 3),
(9, 16, 5),
(9, 190, 2),
(9, 193, 4),
(9, 304, 3),
(9, 305, 4),
(9, 306, 5),
(9, 349, 1),
(9, 350, 2),
(9, 381, 4),
(10, 1, 1),
(10, 2, 2),
(10, 9, 3),
(10, 10, 5),
(10, 159, 2),
(10, 172, 4),
(10, 208, 1),
(10, 209, 2),
(10, 210, 4),
(10, 271, 3),
(10, 272, 4),
(10, 273, 5),
(11, 1, 1),
(11, 2, 2),
(11, 5, 3),
(11, 6, 5),
(11, 132, 3),
(11, 220, 3),
(11, 221, 4),
(11, 222, 5),
(11, 274, 1),
(11, 275, 2),
(11, 276, 4),
(12, 29, 1),
(12, 30, 2),
(12, 35, 3),
(12, 36, 5),
(12, 156, 2),
(12, 166, 4),
(12, 241, 3),
(12, 242, 4),
(12, 243, 5),
(12, 313, 1),
(12, 314, 2),
(12, 315, 4),
(13, 1, 1),
(13, 2, 2),
(13, 11, 3),
(13, 12, 5),
(13, 189, 2),
(13, 192, 4),
(13, 217, 1),
(13, 218, 2),
(13, 219, 4),
(13, 289, 3),
(13, 290, 4),
(13, 291, 5),
(14, 1, 1),
(14, 2, 2),
(14, 13, 3),
(14, 14, 5),
(14, 160, 2),
(14, 173, 4),
(14, 235, 3),
(14, 236, 4),
(14, 237, 5),
(14, 286, 3),
(14, 287, 4),
(14, 288, 5),
(15, 1, 1),
(15, 2, 2),
(15, 3, 3),
(15, 4, 5),
(15, 157, 3),
(15, 167, 4),
(15, 304, 1),
(15, 305, 2),
(15, 306, 4),
(15, 331, 3),
(15, 332, 4),
(15, 333, 5),
(16, 29, 1),
(16, 30, 2),
(16, 31, 3),
(16, 39, 5),
(16, 179, 2),
(16, 186, 4),
(16, 283, 3),
(16, 284, 4),
(16, 285, 5),
(16, 364, 3),
(16, 365, 4),
(16, 366, 5),
(17, 25, 1),
(17, 26, 2),
(17, 27, 3),
(17, 28, 5),
(17, 180, 2),
(17, 187, 4),
(17, 205, 3),
(17, 206, 4),
(17, 207, 5),
(17, 340, 1),
(17, 341, 2),
(17, 342, 4),
(18, 1, 1),
(18, 2, 2),
(18, 9, 3),
(18, 10, 5),
(18, 154, 2),
(18, 161, 4),
(18, 208, 3),
(18, 209, 4),
(18, 210, 5),
(18, 280, 1),
(18, 281, 2),
(18, 282, 4),
(19, 1, 1),
(19, 2, 2),
(19, 3, 3),
(19, 17, 5),
(19, 158, 2),
(19, 170, 4),
(19, 176, 5),
(19, 238, 3),
(19, 239, 4),
(19, 240, 5),
(19, 340, 3),
(19, 341, 4),
(19, 342, 5),
(20, 1, 1),
(20, 2, 2),
(20, 3, 3),
(20, 22, 5),
(20, 154, 2),
(20, 162, 4),
(20, 175, 5),
(20, 235, 3),
(20, 236, 4),
(20, 237, 5),
(20, 343, 3),
(20, 344, 4),
(20, 345, 5),
(21, 1, 1),
(21, 2, 2),
(21, 3, 3),
(21, 17, 5),
(21, 140, 3),
(21, 265, 3),
(21, 266, 4),
(21, 267, 5),
(21, 343, 1),
(21, 344, 2),
(21, 345, 4),
(22, 1, 1),
(22, 2, 2),
(22, 7, 3),
(22, 8, 5),
(22, 157, 3),
(22, 167, 4),
(22, 235, 1),
(22, 236, 2),
(22, 237, 4),
(22, 340, 3),
(22, 341, 4),
(22, 342, 5),
(23, 1, 1),
(23, 2, 2),
(23, 3, 3),
(23, 4, 5),
(23, 152, 3),
(23, 326, 3),
(23, 328, 1),
(23, 329, 2),
(23, 330, 4),
(24, 1, 1),
(24, 2, 2),
(24, 11, 3),
(24, 12, 5),
(24, 158, 2),
(24, 169, 4),
(24, 268, 3),
(24, 269, 4),
(24, 270, 5),
(24, 343, 1),
(24, 344, 2),
(24, 376, 4),
(25, 29, 1),
(25, 30, 2),
(25, 37, 3),
(25, 38, 5),
(25, 132, 3),
(25, 202, 3),
(25, 203, 4),
(25, 204, 5),
(25, 262, 1),
(25, 263, 2),
(25, 264, 4),
(26, 1, 1),
(26, 2, 2),
(26, 3, 3),
(26, 15, 5),
(26, 142, 3),
(26, 247, 1),
(26, 248, 2),
(26, 249, 4),
(26, 259, 3),
(26, 260, 4),
(26, 261, 5),
(27, 1, 1),
(27, 2, 2),
(27, 3, 3),
(27, 20, 5),
(27, 154, 2),
(27, 162, 4),
(27, 235, 3),
(27, 236, 4),
(27, 237, 5),
(27, 331, 3),
(27, 332, 4),
(27, 333, 5),
(28, 25, 1),
(28, 26, 2),
(28, 27, 3),
(28, 40, 5),
(28, 136, 3),
(28, 247, 3),
(28, 248, 4),
(28, 249, 5),
(28, 328, 3),
(28, 329, 4),
(28, 330, 5),
(29, 1, 1),
(29, 2, 2),
(29, 5, 3),
(29, 6, 5),
(29, 141, 3),
(29, 247, 3),
(29, 248, 4),
(29, 249, 5),
(29, 355, 1),
(29, 356, 2),
(29, 357, 4),
(30, 1, 1),
(30, 2, 2),
(30, 3, 3),
(30, 23, 5),
(30, 133, 3),
(30, 202, 1),
(30, 203, 2),
(30, 204, 4),
(30, 289, 3),
(30, 290, 4),
(30, 291, 5),
(31, 29, 1),
(31, 30, 2),
(31, 31, 3),
(31, 32, 5),
(31, 155, 2),
(31, 164, 4),
(31, 232, 3),
(31, 233, 4),
(31, 234, 5),
(31, 337, 1),
(31, 338, 2),
(31, 339, 4),
(32, 1, 1),
(32, 2, 2),
(32, 11, 3),
(32, 12, 5),
(32, 144, 3),
(32, 211, 1),
(32, 212, 2),
(32, 213, 4),
(32, 274, 3),
(32, 275, 4),
(32, 276, 5),
(33, 29, 1),
(33, 30, 2),
(33, 33, 3),
(33, 34, 5),
(33, 160, 2),
(33, 174, 4),
(33, 226, 1),
(33, 227, 2),
(33, 228, 4),
(33, 349, 3),
(33, 350, 4),
(33, 351, 5),
(34, 92, 1),
(34, 93, 2),
(34, 96, 3),
(34, 97, 5),
(34, 156, 2),
(34, 165, 4),
(34, 235, 1),
(34, 236, 2),
(34, 237, 4),
(34, 349, 3),
(34, 350, 4),
(34, 351, 5),
(35, 92, 1),
(35, 93, 2),
(35, 94, 3),
(35, 95, 5),
(35, 180, 2),
(35, 187, 4),
(35, 223, 3),
(35, 224, 4),
(35, 225, 5),
(35, 367, 3),
(35, 368, 4),
(35, 369, 5),
(36, 41, 1),
(36, 42, 2),
(36, 43, 3),
(36, 55, 5),
(36, 154, 1),
(36, 162, 4),
(36, 280, 3),
(36, 281, 4),
(36, 282, 5),
(36, 349, 1),
(36, 350, 2),
(36, 351, 4),
(37, 41, 1),
(37, 42, 2),
(37, 47, 3),
(37, 48, 5),
(37, 144, 3),
(37, 202, 1),
(37, 203, 2),
(37, 204, 4),
(37, 307, 3),
(37, 308, 4),
(37, 309, 5),
(38, 41, 1),
(38, 42, 2),
(38, 45, 3),
(38, 46, 5),
(38, 141, 3),
(38, 326, 3),
(38, 340, 1),
(38, 341, 2),
(38, 342, 4),
(39, 41, 1),
(39, 42, 2),
(39, 49, 3),
(39, 50, 5),
(39, 143, 3),
(39, 217, 3),
(39, 218, 4),
(39, 219, 5),
(39, 289, 1),
(39, 290, 2),
(39, 291, 4),
(40, 41, 1),
(40, 42, 2),
(40, 51, 3),
(40, 52, 5),
(40, 154, 2),
(40, 161, 4),
(40, 241, 1),
(40, 242, 2),
(40, 243, 4),
(40, 325, 3),
(41, 41, 1),
(41, 42, 2),
(41, 45, 3),
(41, 46, 5),
(41, 155, 2),
(41, 163, 4),
(41, 226, 3),
(41, 227, 4),
(41, 228, 5),
(41, 364, 1),
(41, 365, 2),
(41, 366, 4),
(42, 56, 1),
(42, 57, 2),
(42, 61, 3),
(42, 62, 5),
(42, 135, 3),
(42, 205, 3),
(42, 206, 4),
(42, 207, 5),
(42, 265, 1),
(42, 266, 2),
(42, 267, 4),
(43, 41, 1),
(43, 42, 2),
(43, 49, 3),
(43, 50, 5),
(43, 140, 3),
(43, 205, 1),
(43, 206, 2),
(43, 207, 4),
(43, 334, 3),
(43, 335, 4),
(43, 336, 5),
(44, 92, 1),
(44, 93, 2),
(44, 98, 3),
(44, 99, 5),
(44, 139, 3),
(44, 295, 1),
(44, 296, 2),
(44, 297, 4),
(44, 352, 3),
(44, 353, 4),
(44, 354, 5),
(45, 41, 1),
(45, 42, 2),
(45, 49, 3),
(45, 50, 5),
(45, 158, 2),
(45, 170, 4),
(45, 268, 3),
(45, 269, 4),
(45, 270, 5),
(45, 334, 1),
(45, 335, 2),
(45, 336, 4),
(46, 41, 1),
(46, 42, 2),
(46, 43, 3),
(46, 44, 5),
(46, 136, 3),
(46, 223, 3),
(46, 224, 4),
(46, 225, 5),
(46, 328, 1),
(46, 329, 2),
(46, 378, 4),
(47, 41, 1),
(47, 42, 2),
(47, 51, 3),
(47, 52, 5),
(47, 179, 2),
(47, 185, 4),
(47, 229, 3),
(47, 230, 4),
(47, 231, 5),
(47, 352, 1),
(47, 353, 2),
(47, 354, 4),
(48, 41, 1),
(48, 42, 2),
(48, 43, 3),
(48, 53, 5),
(48, 189, 2),
(48, 192, 4),
(48, 251, 3),
(48, 340, 1),
(48, 341, 2),
(48, 372, 4),
(49, 56, 1),
(49, 57, 2),
(49, 58, 3),
(49, 66, 5),
(49, 155, 2),
(49, 164, 4),
(49, 214, 3),
(49, 215, 4),
(49, 216, 5),
(49, 367, 3),
(49, 368, 4),
(49, 369, 5),
(50, 56, 1),
(50, 57, 2),
(50, 58, 3),
(50, 65, 5),
(50, 178, 2),
(50, 183, 4),
(50, 202, 3),
(50, 203, 4),
(50, 204, 5),
(50, 349, 1),
(50, 350, 2),
(50, 351, 4),
(51, 41, 1),
(51, 42, 2),
(51, 43, 3),
(51, 54, 5),
(51, 190, 2),
(51, 193, 4),
(51, 220, 3),
(51, 221, 4),
(51, 222, 5),
(51, 346, 1),
(51, 347, 2),
(51, 377, 4),
(52, 41, 1),
(52, 42, 2),
(52, 47, 3),
(52, 48, 5),
(52, 160, 2),
(52, 174, 4),
(52, 307, 1),
(52, 308, 2),
(52, 309, 4),
(52, 364, 3),
(52, 365, 4),
(52, 366, 5),
(53, 56, 1),
(53, 57, 2),
(53, 59, 3),
(53, 60, 5),
(53, 139, 3),
(53, 214, 1),
(53, 215, 2),
(53, 216, 4),
(53, 328, 3),
(53, 329, 4),
(53, 330, 5),
(54, 41, 1),
(54, 42, 2),
(54, 45, 3),
(54, 46, 5),
(54, 157, 3),
(54, 168, 4),
(54, 238, 1),
(54, 239, 2),
(54, 240, 4),
(54, 358, 3),
(54, 359, 4),
(54, 360, 5),
(55, 56, 1),
(55, 57, 2),
(55, 63, 3),
(55, 64, 5),
(55, 156, 2),
(55, 166, 4),
(55, 244, 3),
(55, 245, 4),
(55, 246, 5),
(55, 310, 1),
(55, 311, 2),
(55, 312, 4),
(56, 41, 1),
(56, 42, 2),
(56, 51, 3),
(56, 52, 5),
(56, 189, 2),
(56, 191, 4),
(56, 252, 3),
(56, 334, 1),
(56, 335, 2),
(56, 371, 4),
(57, 67, 1),
(57, 68, 2),
(57, 71, 3),
(57, 72, 5),
(57, 190, 3),
(57, 194, 4),
(57, 202, 3),
(57, 203, 4),
(57, 204, 5),
(57, 301, 1),
(57, 302, 2),
(57, 303, 4),
(58, 67, 1),
(58, 68, 2),
(58, 77, 3),
(58, 78, 5),
(58, 153, 3),
(58, 208, 3),
(58, 209, 4),
(58, 210, 5),
(58, 337, 3),
(58, 338, 4),
(58, 339, 5),
(59, 67, 1),
(59, 68, 2),
(59, 75, 3),
(59, 76, 5),
(59, 158, 2),
(59, 170, 4),
(59, 223, 1),
(59, 224, 2),
(59, 225, 4),
(59, 253, 3),
(59, 254, 4),
(59, 255, 5),
(60, 67, 1),
(60, 68, 2),
(60, 71, 3),
(60, 72, 5),
(60, 154, 2),
(60, 162, 4),
(60, 175, 5),
(60, 247, 3),
(60, 248, 4),
(60, 249, 5),
(60, 271, 1),
(60, 272, 2),
(60, 273, 4),
(61, 92, 1),
(61, 93, 2),
(61, 100, 3),
(61, 101, 5),
(61, 155, 2),
(61, 163, 4),
(61, 262, 3),
(61, 263, 4),
(61, 264, 5),
(61, 328, 1),
(61, 329, 2),
(61, 330, 4),
(62, 67, 1),
(62, 68, 2),
(62, 71, 3),
(62, 72, 5),
(62, 138, 3),
(62, 202, 1),
(62, 203, 2),
(62, 204, 4),
(62, 327, 3),
(63, 67, 1),
(63, 68, 2),
(63, 69, 3),
(63, 70, 5),
(63, 143, 3),
(63, 229, 3),
(63, 230, 4),
(63, 231, 5),
(63, 277, 1),
(63, 278, 2),
(63, 279, 4),
(64, 67, 1),
(64, 68, 2),
(64, 69, 3),
(64, 80, 5),
(64, 158, 2),
(64, 169, 4),
(64, 259, 3),
(64, 260, 4),
(64, 261, 5),
(64, 358, 3),
(64, 359, 4),
(64, 360, 5),
(65, 67, 1),
(65, 68, 2),
(65, 73, 3),
(65, 74, 5),
(65, 142, 3),
(65, 244, 1),
(65, 245, 2),
(65, 246, 4),
(65, 256, 3),
(65, 257, 4),
(65, 258, 5),
(66, 67, 1),
(66, 68, 2),
(66, 73, 3),
(66, 74, 5),
(66, 137, 3),
(66, 226, 3),
(66, 227, 4),
(66, 228, 5),
(66, 367, 1),
(66, 368, 2),
(66, 369, 4),
(67, 67, 1),
(67, 68, 2),
(67, 75, 3),
(67, 76, 5),
(67, 189, 2),
(67, 191, 4),
(67, 327, 3),
(67, 328, 1),
(67, 329, 2),
(67, 370, 4),
(68, 67, 1),
(68, 68, 2),
(68, 71, 3),
(68, 72, 5),
(68, 178, 2),
(68, 184, 4),
(68, 241, 3),
(68, 242, 4),
(68, 243, 5),
(68, 331, 1),
(68, 332, 2),
(68, 374, 4),
(69, 67, 1),
(69, 68, 2),
(69, 69, 3),
(69, 70, 5),
(69, 190, 2),
(69, 194, 3),
(69, 217, 3),
(69, 218, 4),
(69, 219, 5),
(69, 337, 1),
(69, 338, 2),
(69, 379, 4),
(70, 81, 1),
(70, 82, 2),
(70, 83, 3),
(70, 91, 5),
(70, 137, 3),
(70, 208, 3),
(70, 209, 4),
(70, 210, 5),
(70, 337, 3),
(70, 338, 4),
(70, 339, 5),
(71, 92, 1),
(71, 93, 2),
(71, 98, 3),
(71, 99, 5),
(71, 152, 3),
(71, 265, 3),
(71, 266, 4),
(71, 267, 5),
(71, 334, 1),
(71, 335, 2),
(71, 382, 4),
(72, 92, 1),
(72, 93, 2),
(72, 96, 3),
(72, 97, 5),
(72, 134, 3),
(72, 211, 3),
(72, 212, 4),
(72, 213, 5),
(72, 361, 1),
(72, 362, 2),
(72, 363, 4),
(73, 67, 1),
(73, 68, 2),
(73, 73, 3),
(73, 74, 5),
(73, 134, 3),
(73, 259, 1),
(73, 260, 2),
(73, 261, 4),
(73, 361, 3),
(73, 362, 4),
(73, 363, 5),
(74, 81, 1),
(74, 82, 2),
(74, 84, 3),
(74, 85, 5),
(74, 158, 2),
(74, 169, 4),
(74, 235, 3),
(74, 236, 4),
(74, 237, 5),
(74, 316, 1),
(74, 317, 2),
(74, 318, 4),
(75, 81, 1),
(75, 82, 2),
(75, 83, 3),
(75, 90, 5),
(75, 141, 3),
(75, 232, 3),
(75, 233, 4),
(75, 234, 5),
(75, 349, 1),
(75, 350, 2),
(75, 381, 4),
(76, 67, 1),
(76, 68, 2),
(76, 75, 3),
(76, 76, 5),
(76, 154, 2),
(76, 161, 4),
(76, 214, 3),
(76, 215, 4),
(76, 216, 5),
(76, 358, 1),
(76, 359, 2),
(76, 360, 4),
(77, 81, 1),
(77, 82, 2),
(77, 83, 3),
(77, 90, 5),
(77, 177, 2),
(77, 182, 4),
(77, 280, 3),
(77, 281, 4),
(77, 282, 5),
(77, 340, 1),
(77, 341, 2),
(77, 380, 4),
(78, 81, 1),
(78, 82, 2),
(78, 88, 3),
(78, 89, 5),
(78, 156, 2),
(78, 165, 4),
(78, 238, 3),
(78, 239, 4),
(78, 240, 5),
(78, 346, 1),
(78, 347, 2),
(78, 348, 4),
(79, 67, 1),
(79, 68, 2),
(79, 75, 3),
(79, 76, 5),
(79, 159, 2),
(79, 171, 4),
(79, 286, 1),
(79, 287, 2),
(79, 288, 4),
(79, 355, 3),
(79, 356, 4),
(79, 357, 5),
(80, 67, 1),
(80, 68, 2),
(80, 69, 3),
(80, 79, 5),
(80, 132, 3),
(80, 208, 1),
(80, 209, 2),
(80, 210, 4),
(80, 334, 3),
(80, 335, 4),
(80, 336, 5),
(81, 67, 1),
(81, 68, 2),
(81, 77, 3),
(81, 78, 5),
(81, 144, 3),
(81, 214, 1),
(81, 215, 2),
(81, 216, 4),
(81, 283, 3),
(81, 284, 4),
(81, 285, 5),
(82, 67, 1),
(82, 68, 2),
(82, 77, 3),
(82, 78, 5),
(82, 139, 3),
(82, 301, 3),
(82, 302, 4),
(82, 303, 5),
(82, 346, 1),
(82, 347, 2),
(82, 348, 4),
(83, 81, 1),
(83, 82, 2),
(83, 86, 3),
(83, 87, 5),
(83, 177, 2),
(83, 181, 4),
(83, 229, 3),
(83, 230, 4),
(83, 231, 5),
(83, 361, 1),
(83, 362, 2),
(83, 363, 4),
(84, 125, 1),
(84, 129, 3),
(84, 145, 1),
(84, 147, 3),
(84, 150, 4),
(84, 195, 2),
(84, 199, 3),
(84, 352, 3),
(84, 353, 4),
(84, 354, 5),
(85, 125, 1),
(85, 127, 3),
(85, 145, 1),
(85, 147, 2),
(85, 150, 4),
(85, 195, 2),
(85, 198, 3),
(85, 214, 3),
(85, 215, 4),
(85, 216, 5),
(86, 125, 1),
(86, 128, 3),
(86, 145, 1),
(86, 146, 2),
(86, 148, 4),
(86, 195, 2),
(86, 197, 3),
(86, 298, 3),
(86, 299, 4),
(86, 300, 5),
(87, 114, 1),
(87, 115, 2),
(87, 116, 3),
(87, 117, 5),
(87, 159, 2),
(87, 172, 4),
(87, 214, 1),
(87, 215, 2),
(87, 216, 4),
(87, 367, 3),
(87, 368, 4),
(87, 369, 5),
(88, 114, 1),
(88, 115, 2),
(88, 120, 3),
(88, 121, 5),
(88, 133, 3),
(88, 235, 3),
(88, 236, 4),
(88, 237, 5),
(88, 271, 1),
(88, 272, 2),
(88, 273, 4),
(89, 102, 1),
(89, 103, 2),
(89, 108, 3),
(89, 109, 5),
(89, 142, 3),
(89, 205, 1),
(89, 206, 2),
(89, 207, 4),
(89, 280, 3),
(89, 281, 4),
(89, 282, 5),
(90, 114, 1),
(90, 115, 2),
(90, 116, 3),
(90, 124, 5),
(90, 154, 2),
(90, 161, 4),
(90, 220, 3),
(90, 221, 4),
(90, 222, 5),
(90, 355, 3),
(90, 356, 4),
(90, 357, 5),
(91, 114, 1),
(91, 115, 2),
(91, 116, 3),
(91, 117, 5),
(91, 135, 3),
(91, 211, 1),
(91, 212, 2),
(91, 213, 4),
(91, 295, 3),
(91, 296, 4),
(91, 297, 5),
(92, 102, 1),
(92, 103, 2),
(92, 104, 3),
(92, 113, 5),
(92, 180, 2),
(92, 188, 4),
(92, 253, 1),
(92, 254, 2),
(92, 255, 4),
(92, 343, 3),
(92, 344, 4),
(92, 345, 5),
(93, 114, 1),
(93, 115, 2),
(93, 118, 3),
(93, 119, 5),
(93, 160, 2),
(93, 173, 4),
(93, 232, 3),
(93, 233, 4),
(93, 234, 5),
(93, 322, 1),
(93, 323, 2),
(93, 324, 4),
(94, 102, 1),
(94, 103, 2),
(94, 108, 3),
(94, 109, 5),
(94, 159, 2),
(94, 172, 4),
(94, 229, 1),
(94, 230, 2),
(94, 231, 4),
(94, 283, 3),
(94, 284, 4),
(94, 285, 5),
(95, 125, 1),
(95, 126, 3),
(95, 145, 1),
(95, 146, 2),
(95, 149, 4),
(95, 195, 2),
(95, 199, 3),
(95, 349, 3),
(95, 350, 4),
(95, 351, 5),
(96, 125, 1),
(96, 128, 3),
(96, 145, 1),
(96, 147, 2),
(96, 151, 4),
(96, 195, 2),
(96, 197, 3),
(96, 295, 3),
(96, 296, 4),
(96, 297, 5),
(97, 125, 1),
(97, 129, 3),
(97, 145, 1),
(97, 147, 2),
(97, 150, 4),
(97, 195, 2),
(97, 201, 3),
(97, 202, 3),
(97, 203, 4),
(97, 204, 5),
(98, 125, 1),
(98, 130, 3),
(98, 145, 1),
(98, 146, 2),
(98, 149, 4),
(98, 195, 2),
(98, 201, 3),
(98, 337, 3),
(98, 338, 4),
(98, 339, 5),
(99, 114, 1),
(99, 115, 2),
(99, 120, 3),
(99, 121, 5),
(99, 138, 3),
(99, 292, 3),
(99, 293, 4),
(99, 294, 5),
(99, 331, 1),
(99, 332, 2),
(99, 333, 4),
(100, 102, 1),
(100, 103, 2),
(100, 110, 3),
(100, 111, 5),
(100, 159, 2),
(100, 171, 4),
(100, 232, 1),
(100, 233, 2),
(100, 234, 4),
(100, 349, 3),
(100, 350, 4),
(100, 351, 5),
(101, 125, 1),
(101, 130, 3),
(101, 145, 1),
(101, 147, 2),
(101, 151, 4),
(101, 195, 2),
(101, 200, 3),
(101, 346, 3),
(101, 347, 4),
(101, 348, 5),
(102, 102, 1),
(102, 103, 2),
(102, 104, 3),
(102, 105, 5),
(102, 137, 3),
(102, 226, 1),
(102, 227, 2),
(102, 228, 4),
(102, 253, 3),
(102, 254, 4),
(102, 255, 5),
(103, 114, 1),
(103, 115, 2),
(103, 122, 3),
(103, 123, 5),
(103, 136, 3),
(103, 292, 1),
(103, 293, 2),
(103, 294, 4),
(103, 343, 3),
(103, 344, 4),
(103, 345, 5),
(104, 125, 1),
(104, 127, 3),
(104, 145, 1),
(104, 146, 2),
(104, 149, 4),
(104, 195, 2),
(104, 200, 3),
(104, 334, 3),
(104, 335, 4),
(104, 336, 5),
(105, 125, 1),
(105, 126, 3),
(105, 145, 1),
(105, 146, 2),
(105, 148, 4),
(105, 195, 2),
(105, 198, 3),
(105, 328, 3),
(105, 329, 4),
(105, 330, 5),
(106, 102, 1),
(106, 103, 2),
(106, 106, 3),
(106, 107, 5),
(106, 138, 3),
(106, 202, 3),
(106, 203, 4),
(106, 204, 5),
(106, 319, 1),
(106, 320, 2),
(106, 321, 4),
(107, 102, 1),
(107, 103, 2),
(107, 104, 3),
(107, 112, 5),
(107, 160, 2),
(107, 174, 4),
(107, 250, 3),
(107, 355, 1),
(107, 356, 2),
(107, 357, 4),
(108, 102, 1),
(108, 103, 2),
(108, 104, 3),
(108, 105, 5),
(108, 154, 2),
(108, 162, 4),
(108, 244, 3),
(108, 245, 4),
(108, 246, 5),
(108, 256, 1),
(108, 257, 2),
(108, 258, 4),
(109, 125, 1),
(109, 131, 3),
(109, 145, 1),
(109, 147, 2),
(109, 151, 4),
(109, 195, 2),
(109, 196, 3),
(109, 298, 3),
(109, 299, 4),
(109, 300, 5),
(111, 41, 1),
(111, 42, 2),
(111, 43, 3),
(111, 54, 5),
(111, 177, 2),
(111, 182, 4),
(111, 358, 1),
(111, 359, 2),
(111, 360, 4),
(111, 383, 3),
(112, 81, 1),
(112, 82, 2),
(112, 133, 3),
(112, 226, 1),
(112, 262, 3),
(112, 263, 4),
(112, 264, 5),
(112, 384, 2),
(112, 385, 4),
(112, 390, 3),
(112, 391, 5),
(113, 56, 1),
(113, 57, 2),
(113, 132, 3),
(113, 238, 1),
(113, 239, 2),
(113, 240, 4),
(113, 392, 3),
(113, 393, 5),
(113, 400, 3),
(114, 67, 1),
(114, 68, 2),
(114, 144, 3),
(114, 334, 1),
(114, 335, 2),
(114, 336, 4),
(114, 386, 3),
(114, 387, 5),
(114, 399, 3),
(115, 41, 1),
(115, 42, 2),
(115, 142, 3),
(115, 211, 3),
(115, 388, 3),
(115, 389, 5),
(115, 394, 4),
(115, 395, 5),
(115, 396, 3),
(115, 397, 4),
(115, 398, 5),
(116, 1, 1),
(116, 2, 2),
(116, 9, 3),
(116, 10, 5),
(116, 178, 2),
(116, 184, 4),
(116, 286, 3),
(116, 287, 4),
(116, 288, 5),
(116, 355, 1),
(116, 356, 2),
(116, 357, 4),
(117, 1, 1),
(117, 2, 2),
(117, 3, 3),
(117, 17, 5),
(117, 155, 2),
(117, 163, 4),
(117, 205, 3),
(117, 206, 4),
(117, 207, 5),
(117, 405, 1),
(117, 406, 2),
(117, 407, 4),
(118, 67, 1),
(118, 68, 2),
(118, 69, 3),
(118, 70, 5),
(118, 136, 3),
(118, 343, 1),
(118, 344, 2),
(118, 345, 4),
(118, 408, 3),
(119, 67, 1),
(119, 68, 2),
(119, 75, 3),
(119, 76, 5),
(119, 190, 2),
(119, 193, 4),
(119, 274, 1),
(119, 275, 2),
(119, 276, 4),
(119, 409, 3),
(119, 410, 4),
(119, 411, 5),
(120, 102, 1),
(120, 103, 2),
(120, 157, 3),
(120, 167, 4),
(120, 268, 3),
(120, 269, 4),
(120, 270, 5),
(120, 412, 3),
(120, 413, 5),
(120, 414, 1),
(120, 415, 2),
(120, 416, 4),
(121, 1, 1),
(121, 2, 2),
(121, 3, 3),
(121, 160, 2),
(121, 173, 4),
(121, 220, 3),
(121, 221, 4),
(121, 222, 5),
(121, 277, 1),
(121, 278, 2),
(121, 279, 4),
(121, 417, 5),
(123, 1, 1),
(123, 2, 2),
(123, 3, 3),
(123, 158, 2),
(123, 170, 4),
(123, 176, 5),
(123, 301, 3),
(123, 302, 4),
(123, 303, 5),
(123, 418, 5),
(123, 419, 1),
(123, 420, 2),
(123, 421, 4),
(124, 125, 1),
(124, 131, 3),
(124, 145, 3),
(124, 146, 3),
(124, 148, 3),
(124, 195, 2),
(124, 201, 4),
(124, 349, 3),
(124, 422, 4),
(124, 423, 5),
(125, 56, 1),
(125, 57, 2),
(125, 58, 3),
(125, 178, 2),
(125, 183, 4),
(125, 337, 3),
(125, 338, 4),
(125, 339, 5),
(125, 424, 5),
(125, 428, 1),
(125, 429, 2),
(125, 430, 4),
(126, 41, 1),
(126, 42, 2),
(126, 47, 3),
(126, 48, 5),
(126, 138, 3),
(126, 223, 3),
(126, 224, 4),
(126, 225, 5),
(126, 425, 1),
(126, 426, 2),
(126, 427, 4),
(127, 1, 1),
(127, 2, 2),
(127, 3, 3),
(127, 179, 2),
(127, 186, 4),
(127, 223, 3),
(127, 224, 4),
(127, 225, 5),
(127, 346, 3),
(127, 347, 4),
(127, 348, 5),
(127, 431, 5),
(128, 56, 1),
(128, 57, 2),
(128, 156, 2),
(128, 166, 4),
(128, 295, 3),
(128, 296, 4),
(128, 297, 5),
(128, 432, 3),
(128, 433, 5),
(128, 434, 1),
(128, 435, 2),
(128, 436, 4),
(129, 25, 1),
(129, 26, 2),
(129, 27, 3),
(129, 179, 2),
(129, 186, 4),
(129, 346, 3),
(129, 347, 4),
(129, 348, 5),
(129, 437, 5),
(129, 438, 1),
(129, 439, 2),
(129, 440, 4),
(130, 125, 1),
(130, 128, 3),
(130, 145, 3),
(130, 146, 3),
(130, 149, 3),
(130, 196, 3),
(130, 441, 3),
(130, 442, 4),
(130, 443, 5),
(131, 81, 1),
(131, 82, 2),
(131, 139, 3),
(131, 286, 3),
(131, 287, 4),
(131, 288, 5),
(131, 444, 3),
(131, 445, 5),
(131, 446, 1),
(131, 447, 2),
(131, 448, 4),
(132, 1, 1),
(132, 2, 2),
(132, 3, 3),
(132, 159, 2),
(132, 171, 4),
(132, 271, 1),
(132, 272, 2),
(132, 273, 4),
(132, 352, 3),
(132, 353, 4),
(132, 354, 5),
(132, 449, 5),
(133, 81, 1),
(133, 82, 2),
(133, 159, 2),
(133, 171, 4),
(133, 214, 3),
(133, 331, 3),
(133, 332, 4),
(133, 333, 5),
(133, 450, 3),
(133, 451, 5),
(133, 452, 4),
(133, 453, 5),
(134, 67, 1),
(134, 68, 2),
(134, 69, 3),
(134, 177, 2),
(134, 181, 4),
(134, 340, 3),
(134, 341, 4),
(134, 342, 5),
(134, 454, 5),
(134, 455, 3),
(135, 67, 1),
(135, 68, 2),
(135, 143, 3),
(135, 352, 3),
(135, 353, 4),
(135, 354, 5),
(135, 456, 3),
(135, 457, 5),
(135, 458, 3),
(135, 459, 4),
(135, 460, 5),
(136, 102, 1),
(136, 103, 2),
(136, 132, 3),
(136, 265, 3),
(136, 266, 4),
(136, 267, 5),
(136, 367, 3),
(136, 368, 4),
(136, 369, 5),
(136, 461, 3),
(136, 462, 5),
(136, 463, 3),
(137, 125, 1),
(137, 145, 1),
(137, 147, 2),
(137, 151, 4),
(137, 195, 2),
(137, 198, 3),
(137, 464, 3),
(137, 465, 3),
(137, 466, 4),
(137, 467, 5),
(138, 1, 1),
(138, 2, 2),
(138, 3, 3),
(138, 17, 5),
(139, 25, 1),
(139, 26, 2),
(139, 159, 2),
(139, 172, 4),
(139, 229, 3),
(139, 384, 4),
(139, 385, 5),
(139, 473, 3),
(139, 474, 5),
(139, 475, 3),
(139, 476, 4),
(139, 477, 5),
(140, 1, 1),
(140, 2, 2),
(140, 13, 3),
(140, 14, 5),
(140, 158, 2),
(140, 169, 4),
(140, 223, 3),
(140, 478, 4),
(140, 479, 5),
(140, 480, 3),
(140, 481, 3),
(140, 482, 4),
(141, 67, 1),
(141, 68, 2),
(141, 134, 3),
(141, 327, 3),
(141, 346, 3),
(141, 483, 3),
(141, 484, 5),
(141, 485, 3),
(141, 486, 4),
(141, 487, 5),
(142, 1, 1),
(142, 2, 2),
(142, 7, 3),
(142, 8, 5),
(142, 156, 2),
(142, 165, 4),
(142, 488, 3),
(142, 489, 4),
(142, 490, 5),
(142, 491, 3),
(142, 492, 4),
(142, 493, 5),
(143, 41, 1),
(143, 42, 2),
(143, 160, 2),
(143, 173, 4),
(143, 217, 3),
(143, 218, 4),
(143, 219, 5),
(143, 274, 1),
(143, 275, 2),
(143, 276, 4),
(143, 494, 3),
(143, 495, 5),
(144, 102, 1),
(144, 103, 2),
(144, 154, 2),
(144, 161, 4),
(144, 292, 1),
(144, 293, 2),
(144, 294, 4),
(144, 358, 3),
(144, 359, 4),
(144, 360, 5),
(144, 496, 3),
(144, 497, 5),
(145, 114, 1),
(145, 115, 2),
(145, 137, 3),
(145, 223, 3),
(145, 224, 4),
(145, 225, 5),
(145, 253, 3),
(145, 498, 3),
(145, 499, 5),
(145, 500, 4),
(145, 501, 5),
(146, 102, 1),
(146, 103, 2),
(146, 154, 2),
(146, 162, 4),
(146, 280, 3),
(146, 281, 4),
(146, 282, 5),
(146, 502, 3),
(146, 503, 5),
(146, 504, 3),
(146, 505, 4),
(146, 506, 5),
(147, 67, 1),
(147, 68, 2),
(147, 141, 3),
(147, 211, 3),
(147, 507, 3),
(147, 508, 5),
(147, 509, 3),
(147, 510, 3),
(147, 511, 4),
(147, 514, 4),
(147, 515, 5),
(148, 41, 1),
(148, 42, 2),
(148, 157, 2),
(148, 168, 4),
(148, 512, 3),
(148, 513, 5),
(148, 516, 3),
(148, 517, 4),
(148, 518, 5),
(148, 519, 3),
(148, 520, 3),
(148, 521, 4),
(149, 1, 1),
(149, 5, 4),
(149, 6, 5),
(149, 140, 4),
(149, 207, 4),
(149, 257, 4),
(149, 258, 5),
(150, 201, 5),
(150, 231, 5),
(150, 522, 5),
(150, 524, 5),
(151, 169, 5),
(151, 525, 5),
(151, 527, 5),
(151, 530, 5),
(152, 144, 5),
(152, 460, 5),
(152, 532, 5),
(152, 535, 5),
(153, 166, 5),
(153, 210, 5),
(153, 427, 5),
(153, 537, 5),
(154, 194, 5),
(154, 539, 5),
(154, 541, 5),
(154, 544, 5);

-- --------------------------------------------------------

--
-- Table structure for table `skill`
--

CREATE TABLE `skill` (
  `skill_id` int(11) NOT NULL,
  `name` varchar(20) NOT NULL,
  `slot` varchar(10) NOT NULL COMMENT 'a, b, c, weapon, assist, special',
  `sp` int(11) DEFAULT NULL,
  `description` text,
  `hp` int(11) DEFAULT NULL,
  `atk` int(11) DEFAULT NULL,
  `spd` int(11) DEFAULT NULL,
  `def` int(11) DEFAULT NULL,
  `res` int(11) DEFAULT NULL,
  `charge` int(11) DEFAULT NULL,
  `inheritrule` varchar(50) DEFAULT NULL,
  `affectsduel` tinyint(1) NOT NULL DEFAULT '1'
) ENGINE=InnoDB DEFAULT CHARSET=latin1;

--
-- Dumping data for table `skill`
--

INSERT INTO `skill` (`skill_id`, `name`, `slot`, `sp`, `description`, `hp`, `atk`, `spd`, `def`, `res`, `charge`, `inheritrule`, `affectsduel`) VALUES
(1, 'Iron Sword', 'weapon', 0, '', 0, 6, 0, 0, 0, 0, 'sword', 1),
(2, 'Steel Sword', 'weapon', 100, '', 0, 8, 0, 0, 0, 0, 'sword', 1),
(3, 'Silver Sword', 'weapon', 200, '', 0, 11, 0, 0, 0, 0, 'sword', 1),
(4, 'Silver Sword+', 'weapon', 300, '', 0, 15, 0, 0, 0, 0, 'sword', 1),
(5, 'Armorslayer', 'weapon', 200, 'Effective against armored units', 0, 8, 0, 0, 0, 0, 'sword', 1),
(6, 'Armorslayer+', 'weapon', 300, 'Effective against armored units', 0, 12, 0, 0, 0, 0, 'sword', 1),
(7, 'Brave Sword', 'weapon', 200, 'Spd-5. Attack twice when initiating combat', 0, 5, -5, 0, 0, 0, 'sword', 1),
(8, 'Brave Sword+', 'weapon', 300, 'Spd-5. Attack twice when initiating combat', 0, 8, -5, 0, 0, 0, 'sword', 1),
(9, 'Killing Edge', 'weapon', 200, 'Accelerates special trigger (cooldown count -1)', 0, 7, 0, 0, 0, 0, 'sword', 1),
(10, 'Killing Edge+', 'weapon', 300, 'Accelerates special trigger (cooldown count -1)', 0, 11, 0, 0, 0, 0, 'sword', 1),
(11, 'Ruby Sword', 'weapon', 200, 'Gives Atk+20% if weapon-triangle advantage, Atk-20% if disadvantage', 0, 8, 0, 0, 0, 0, 'sword', 1),
(12, 'Ruby Sword+', 'weapon', 300, 'Gives Atk+20% if weapon-triangle advantage, Atk-20% if disadvantage', 0, 12, 0, 0, 0, 0, 'sword', 1),
(13, 'Wo Dao', 'weapon', 200, 'Grants +10 damage when special triggers', 0, 9, 0, 0, 0, 0, 'sword', 1),
(14, 'Wo Dao+', 'weapon', 300, 'Grants +10 damage when special triggers', 0, 13, 0, 0, 0, 0, 'sword', 1),
(15, 'Binding Blade', 'weapon', 400, 'Grants Def/Res+2 when this unit is attacked', 0, 16, 0, 0, 0, 0, 'unique', 1),
(16, 'Durandal', 'weapon', 400, 'Grants Atk+4 during combat if unit initiates attack', 0, 16, 0, 0, 0, 0, 'unique', 1),
(17, 'Falchion', 'weapon', 400, 'Effective against dragons. At the start of every third turn, unit recovers 10HP', 0, 16, 0, 0, 0, 0, 'unique', 1),
(18, 'Folkvangr', 'weapon', 400, 'Grants Atk+5 at start of turn if unit\'s HP<50%', 0, 16, 0, 0, 0, 0, 'unique', 1),
(19, 'Mystletainn', 'weapon', 400, 'Accelerates special trigger (cooldown count -1)', 0, 16, 0, 0, 0, 0, 'unique', 1),
(20, 'Raijinto', 'weapon', 400, 'Enables unit to counterattack regardless of distance to attacker', 0, 16, 0, 0, 0, 0, 'unique', 1),
(21, 'Sieglinde', 'weapon', 400, 'Grants adjacent allies Atk+3 through their next actions at start of each turn', 0, 16, 0, 0, 0, 0, 'unique', 1),
(22, 'Sol Katti', 'weapon', 400, 'If wielder initiates attack at HP <=50% any follow-up occurs immediately', 0, 16, 0, 0, 0, 0, 'unique', 1),
(23, 'Tyrfing', 'weapon', 400, 'Grants Def+4 in battle if unit\'s HP<=50%', 0, 16, 0, 0, 0, 0, 'unique', 1),
(24, 'Yato', 'weapon', 400, 'Grants Spd+4 during combat if unit initiates attack', 0, 16, 0, 0, 0, 0, 'unique', 1),
(25, 'Fire', 'weapon', 0, '', 0, 4, 0, 0, 0, 0, 'redtome', 1),
(26, 'Elfire', 'weapon', 100, '', 0, 6, 0, 0, 0, 0, 'redtome', 1),
(27, 'Bolganone', 'weapon', 200, '', 0, 9, 0, 0, 0, 0, 'redtome', 1),
(28, 'Bolganone+', 'weapon', 300, '', 0, 13, 0, 0, 0, 0, 'redtome', 1),
(29, 'Flux', 'weapon', 0, '', 0, 4, 0, 0, 0, 0, 'redtome', 1),
(30, 'Ruin', 'weapon', 100, '', 0, 6, 0, 0, 0, 0, 'redtome', 1),
(31, 'Fenrir', 'weapon', 200, '', 0, 9, 0, 0, 0, 0, 'redtome', 1),
(32, 'Fenrir+', 'weapon', 300, '', 0, 13, 0, 0, 0, 0, 'redtome', 1),
(33, 'Raudrblade', 'weapon', 200, 'Slows special trigger (cooldown count+1). Adds total bonus on unit to damage dealt', 0, 9, 0, 0, 0, 0, 'redtome', 1),
(34, 'Raudrblade+', 'weapon', 300, 'Slows special trigger (cooldown count+1). Adds total bonus on unit to damage dealt', 0, 13, 0, 0, 0, 0, 'redtome', 1),
(35, 'Raudrraven', 'weapon', 200, 'Grants weapon advantage vs. colorless foes', 0, 7, 0, 0, 0, 0, 'redtome', 1),
(36, 'Raudrraven+', 'weapon', 300, 'Grants weapon advantage vs. colorless foes', 0, 11, 0, 0, 0, 0, 'redtome', 1),
(37, 'Raudrwolf', 'weapon', 200, 'Effective against cavalry', 0, 6, 0, 0, 0, 0, 'redtome', 1),
(38, 'Raudrwolf+', 'weapon', 300, 'Effective against cavalry', 0, 10, 0, 0, 0, 0, 'redtome', 1),
(39, 'Brynhildr', 'weapon', 400, 'If user initiates attack, foe cannot move more than 1 space next turn', 0, 14, 0, 0, 0, 0, 'unique', 1),
(40, 'Cymbeline', 'weapon', 400, 'Grants adjacent allies Atk+4 through their next action after any combat this unit initiates', 0, 14, 0, 0, 0, 0, 'unique', 1),
(41, 'Iron Axe', 'weapon', 0, '', 0, 6, 0, 0, 0, 0, 'axe', 1),
(42, 'Steel Axe', 'weapon', 100, '', 0, 8, 0, 0, 0, 0, 'axe', 1),
(43, 'Silver Axe', 'weapon', 200, '', 0, 11, 0, 0, 0, 0, 'axe', 1),
(44, 'Silver Axe+', 'weapon', 300, '', 0, 15, 0, 0, 0, 0, 'axe', 1),
(45, 'Brave Axe', 'weapon', 200, 'Spd-5. Attack twice when initiating combat', 0, 5, -5, 0, 0, 0, 'axe', 1),
(46, 'Brave Axe+', 'weapon', 300, 'Spd-5. Attack twice when initiating combat', 0, 8, -5, 0, 0, 0, 'axe', 1),
(47, 'Emerald Axe', 'weapon', 200, 'Gives Atk+20% if weapon-triangle advantage, Atk-20% if disadvantage', 0, 8, 0, 0, 0, 0, 'axe', 1),
(48, 'Emerald Axe+', 'weapon', 300, 'Gives Atk+20% if weapon-triangle advantage, Atk-20% if disadvantage', 0, 12, 0, 0, 0, 0, 'axe', 1),
(49, 'Hammer', 'weapon', 200, 'Effective against armored units', 0, 8, 0, 0, 0, 0, 'axe', 1),
(50, 'Hammer+', 'weapon', 300, 'Effective against armored units', 0, 12, 0, 0, 0, 0, 'axe', 1),
(51, 'Killer Axe', 'weapon', 200, 'Accelerates Special trigger (cooldown count-1)', 0, 7, 0, 0, 0, 0, 'axe', 1),
(52, 'Killer Axe+', 'weapon', 300, 'Accelerates Special trigger (cooldown count-1)', 0, 11, 0, 0, 0, 0, 'axe', 1),
(53, 'Armads', 'weapon', 400, 'Unit makes a guaranteed follow-up attack when attacked at HP > 80%', 0, 16, 0, 0, 0, 0, 'unique', 1),
(54, 'Hauteclere', 'weapon', 400, 'Accelerates Special trigger (cooldown count-1)', 0, 16, 0, 0, 0, 0, 'unique', 1),
(55, 'Noatun', 'weapon', 400, 'Unit may move adjacent to any ally when HP <= 40%', 0, 16, 0, 0, 0, 0, 'unique', 1),
(56, 'Wind', 'weapon', 0, '', 0, 4, 0, 0, 0, 0, 'greentome', 1),
(57, 'Elwind', 'weapon', 100, '', 0, 6, 0, 0, 0, 0, 'greentome', 1),
(58, 'Rexcalibur', 'weapon', 200, '', 0, 9, 0, 0, 0, 0, 'greentome', 1),
(59, 'Gronnblade', 'weapon', 200, 'Slows Special trigger (cooldown count+1). Adds total bonus on unit to damage dealt', 0, 9, 0, 0, 0, 0, 'greentome', 1),
(60, 'Gronnblade+', 'weapon', 300, 'Slows Special trigger (cooldown count+1). Adds total bonus on unit to damage dealt', 0, 13, 0, 0, 0, 0, 'greentome', 1),
(61, 'Gronnraven', 'weapon', 200, 'Grants advantage vs Colorless', 0, 7, 0, 0, 0, 0, 'greentome', 1),
(62, 'Gronnraven+', 'weapon', 300, 'Grants advantage vs Colorless', 0, 11, 0, 0, 0, 0, 'greentome', 1),
(63, 'Gronnwolf', 'weapon', 200, 'Effective against Cavalry (Atk+50%)', 0, 6, 0, 0, 0, 0, 'greentome', 1),
(64, 'Gronnwolf+', 'weapon', 300, 'Effective against Cavalry (Atk+50%)', 0, 10, 0, 0, 0, 0, 'greentome', 1),
(65, 'Excalibur', 'weapon', 400, 'Effective against Flying units', 0, 14, 0, 0, 0, 0, 'unique', 1),
(66, 'Naga', 'weapon', 400, 'Effective against Dragons (Atk+50%). Grants Def/Res+2 when this unit is attacked', 0, 14, 0, 0, 0, 0, 'unique', 1),
(67, 'Iron Lance', 'weapon', 0, '', 0, 6, 0, 0, 0, 0, 'lance', 1),
(68, 'Steel Lance', 'weapon', 100, '', 0, 8, 0, 0, 0, 0, 'lance', 1),
(69, 'Silver Lance', 'weapon', 200, '', 0, 11, 0, 0, 0, 0, 'lance', 1),
(70, 'Silver Lance+', 'weapon', 300, '', 0, 15, 0, 0, 0, 0, 'lance', 1),
(71, 'Brave Lance', 'weapon', 200, 'Spd-5. Attack twice when initiating combat', 0, 5, -5, 0, 0, 0, 'lance', 1),
(72, 'Brave Lance+', 'weapon', 300, 'Spd-5. Attack twice when initiating combat', 0, 8, -5, 0, 0, 0, 'lance', 1),
(73, 'Heavy Spear', 'weapon', 200, 'Effective against armored units', 0, 8, 0, 0, 0, 0, 'lance', 1),
(74, 'Heavy Spear+', 'weapon', 300, 'Effective against armored units', 0, 12, 0, 0, 0, 0, 'lance', 1),
(75, 'Killer Lance', 'weapon', 200, 'Accelerates Special trigger (cooldown count-1)', 0, 7, 0, 0, 0, 0, 'lance', 1),
(76, 'Killer Lance+', 'weapon', 300, 'Accelerates Special trigger (cooldown count-1)', 0, 11, 0, 0, 0, 0, 'lance', 1),
(77, 'Sapphire Lance', 'weapon', 200, 'Gives Atk+20% if weapon-triangle advantage, Atk-20% if disadvantage', 0, 8, 0, 0, 0, 0, 'lance', 1),
(78, 'Sapphire Lance+', 'weapon', 300, 'Gives Atk+20% if weapon-triangle advantage, Atk-20% if disadvantage', 0, 12, 0, 0, 0, 0, 'lance', 1),
(79, 'Fensalir', 'weapon', 400, 'Inflicts Atk-4 on foes within 2 spaces through their next actions at the start of each turn', 0, 16, 0, 0, 0, 0, 'unique', 1),
(80, 'Siegmund', 'weapon', 400, 'Grants adjacent allies _3 attack through their next actions at start of each turn', 0, 16, 0, 0, 0, 0, 'unique', 1),
(81, 'Thunder', 'weapon', 0, '', 0, 4, 0, 0, 0, 0, 'bluetome', 1),
(82, 'Elthunder', 'weapon', 100, '', 0, 6, 0, 0, 0, 0, 'bluetome', 1),
(83, 'Thoron', 'weapon', 200, '', 0, 9, 0, 0, 0, 0, 'bluetome', 1),
(84, 'Blarblade', 'weapon', 200, 'Slows Special trigger (cooldown count+1). Adds total bonus on unit to damage dealt', 0, 9, 0, 0, 0, 0, 'bluetome', 1),
(85, 'Blarblade+', 'weapon', 300, 'Slows Special trigger (cooldown count+1). Adds total bonus on unit to damage dealt', 0, 13, 0, 0, 0, 0, 'bluetome', 1),
(86, 'Blarwolf', 'weapon', 200, 'Effective against cavalry', 0, 6, 0, 0, 0, 0, 'bluetome', 1),
(87, 'Blarwolf+', 'weapon', 300, 'Effective against cavalry', 0, 10, 0, 0, 0, 0, 'bluetome', 1),
(88, 'Blarraven', 'weapon', 200, 'Grants weapon advantage vs colorless foes', 0, 7, 0, 0, 0, 0, 'bluetome', 1),
(89, 'Blarraven+', 'weapon', 300, 'Grants weapon advantage vs colorless foes', 0, 11, 0, 0, 0, 0, 'bluetome', 1),
(90, 'Dire Thunder', 'weapon', 400, 'Spd-5. Attack twice when initiating combat', 0, 9, -5, 0, 0, 0, 'unique', 1),
(91, 'Aura', 'weapon', 400, 'Restores 5 HP to adjacent allies after any combat this unit initiates', 0, 14, 0, 0, 0, 0, 'unique', 1),
(92, 'Fire Breath', 'weapon', 0, '', 0, 6, 0, 0, 0, 0, 'dragon', 1),
(93, 'Fire Breath+', 'weapon', 100, '', 0, 8, 0, 0, 0, 0, 'dragon', 1),
(94, 'Flametongue', 'weapon', 200, '-', 0, 11, 0, 0, 0, 0, 'dragon', 1),
(95, 'Flametongue+', 'weapon', 300, '-', 0, 15, 0, 0, 0, 0, 'dragon', 1),
(96, 'Lightning Breath', 'weapon', 200, 'Enables counterattack regardless of attacker\'s range. Slows Special trigger (cooldown count +1)', 0, 7, 0, 0, 0, 0, 'dragon', 1),
(97, 'Lightning Breath+', 'weapon', 300, 'Enables counterattack regardless of attacker\'s range. Slows Special trigger (cooldown count +1)', 0, 11, 0, 0, 0, 0, 'dragon', 1),
(98, 'Light Breath', 'weapon', 200, 'Grants adjacent allies Def/Res+4 through their next actions after any combat this unit initiates', 0, 9, 0, 0, 0, 0, 'dragon', 1),
(99, 'Light Breath+', 'weapon', 300, 'Grants adjacent allies Def/Res+4 through their next actions after any combat this unit initiates', 0, 13, 0, 0, 0, 0, 'dragon', 1),
(100, 'Dark Breath', 'weapon', 200, 'After this unit attacks, foes within 2 spaces of target suffer Atk/Spd-5 through their next actions', 0, 9, 0, 0, 0, 0, 'dragon', 1),
(101, 'Dark Breath+', 'weapon', 300, 'After this unit attacks, foes within 2 spaces of target suffer Atk/Spd-5 through their next actions', 0, 13, 0, 0, 0, 0, 'dragon', 1),
(102, 'Iron Bow', 'weapon', 0, '', 0, 4, 0, 0, 0, 0, 'bow', 1),
(103, 'Steel Bow', 'weapon', 100, '', 0, 6, 0, 0, 0, 0, 'bow', 1),
(104, 'Silver Bow', 'weapon', 200, 'Effective against flying units', 0, 9, 0, 0, 0, 0, 'bow', 1),
(105, 'Silver Bow+', 'weapon', 300, 'Effective against flying units', 0, 13, 0, 0, 0, 0, 'bow', 1),
(106, 'Assassin\'s Bow', 'weapon', 200, 'Effective against fliers. If target has a dagger, it can\'t make a follow-up attack and this unit will', 0, 7, 0, 0, 0, 0, 'bow', 1),
(107, 'Assassin\'s Bow+', 'weapon', 300, 'Effective against fliers. If target has a dagger, it can\'t make a follow-up attack and this unit will', 0, 11, 0, 0, 0, 0, 'bow', 1),
(108, 'Brave Bow', 'weapon', 200, 'Spd-5. Effective against flying units. Attacks twice if unit initiates combat', 0, 4, -5, 0, 0, 0, 'bow', 1),
(109, 'Brave Bow+', 'weapon', 300, 'Spd-5. Effective against flying units. Attacks twice if unit initiates combat', 0, 7, -5, 0, 0, 0, 'bow', 1),
(110, 'Killer Bow', 'weapon', 200, 'Effective against flying units. Accelerates Special trigger (cooldown count-1)', 0, 5, 0, 0, 0, 0, 'bow', 1),
(111, 'Killer Bow+', 'weapon', 300, 'Effective against flying units. Accelerates Special trigger (cooldown count-1)', 0, 9, 0, 0, 0, 0, 'bow', 1),
(112, 'Fujin Yumi', 'weapon', 400, 'Effective against flying units. Unit can pass through foes if own HP>=50%', 0, 14, 0, 0, 0, 0, 'unique', 1),
(113, 'Parthia', 'weapon', 400, 'Effective against flying units. Grants Res+4 during combat if initiating an attack', 0, 14, 0, 0, 0, 0, 'unique', 1),
(114, 'Iron Dagger', 'weapon', 0, '', 0, 3, 0, 0, 0, 0, 'dagger', 1),
(115, 'Steel Dagger', 'weapon', 100, '', 0, 5, 0, 0, 0, 0, 'dagger', 1),
(116, 'Silver Dagger', 'weapon', 200, 'After combat, inflicts Def/Res-7 on foe through its next action', 0, 7, 0, 0, 0, 0, 'dagger', 1),
(117, 'Silver Dagger+', 'weapon', 300, 'After combat, inflicts Def/Res-7 on foe through its next action', 0, 10, 0, 0, 0, 0, 'dagger', 1),
(118, 'Poison Dagger', 'weapon', 200, 'Effective against infantry units. Infantry foes suffer Def/Res-6 after combat through their next actions', 0, 2, 0, 0, 0, 0, 'dagger', 1),
(119, 'Poison Dagger+', 'weapon', 300, 'Effective against infantry units. Infantry foes suffer Def/Res-6 after combat through their next actions', 0, 5, 0, 0, 0, 0, 'dagger', 1),
(120, 'Rogue Dagger', 'weapon', 200, 'After combat, inflicts Def/Res-5 on foe through its next action. Grants unit Def/Res+5 for 1 turn', 0, 4, 0, 0, 0, 0, 'dagger', 1),
(121, 'Rogue Dagger+', 'weapon', 300, 'After combat, inflicts Def/Res-5 on foe through its next action. Grants unit Def/Res+5 for 1 turn', 0, 7, 0, 0, 0, 0, 'dagger', 1),
(122, 'Smoke Dagger', 'weapon', 200, 'After combat, inflicts Def/Res-6 on foes within 2 spaces of target through their next actions', 0, 6, 0, 0, 0, 0, 'dagger', 1),
(123, 'Smoke Dagger+', 'weapon', 300, 'After combat, inflicts Def/Res-6 on foes within 2 spaces of target through their next actions', 0, 9, 0, 0, 0, 0, 'dagger', 1),
(124, 'Deathly Dagger', 'weapon', 400, 'After combat, inflicts Def/Res-7 on foe through its next action. If unit initiated combat, 7 damage to foe after battle', 0, 11, 0, 0, 0, 0, 'unique', 1),
(125, 'Assault', 'weapon', 50, '', 0, 10, 0, 0, 0, 0, 'staff', 1),
(126, 'Absorb', 'weapon', 150, 'Recovers 50% of damage dealt', 0, 4, 0, 0, 0, 0, 'staff', 1),
(127, 'Fear', 'weapon', 150, 'Inflicts Atk - 6', 0, 5, 0, 0, 0, 0, 'staff', 1),
(128, 'Gravity', 'weapon', 150, 'After any combat, prevents foe from moving more than 1 space through its next action', 0, 6, 0, 0, 0, 0, 'staff', 0),
(129, 'Pain', 'weapon', 150, 'Inflicts 10 damage on Foe after combat', 0, 3, 0, 0, 0, 0, 'staff', 1),
(130, 'Panic', 'weapon', 150, 'After combat, bonuses on targeted foe become penalties through its next action', 0, 7, 0, 0, 0, 0, 'staff', 1),
(131, 'Slow', 'weapon', 150, 'After any combat, inflicts Spd-6 on foe through its next action', 0, 5, 0, 0, 0, 0, 'staff', 1),
(132, 'Rally Attack', 'assist', 150, 'Grants Atk+4 to an adjacent ally until the end of the turn', 0, 0, 0, 0, 0, 0, 'nonstaff', 0),
(133, 'Rally Speed', 'assist', 150, 'Grant Spd+4 to an adjacent ally until the end of the turn', 0, 0, 0, 0, 0, 0, 'nonstaff', 0),
(134, 'Rally Defense', 'assist', 150, 'Grants Def+4 to an adjacent ally until end of turn', 0, 0, 0, 0, 0, 0, 'nonstaff', 0),
(135, 'Rally Resistance', 'assist', 150, 'Grants Res +4 to an adjacent ally until end of turn', 0, 0, 0, 0, 0, 0, 'nonstaff', 0),
(136, 'Harsh Command', 'assist', 150, 'Converts Penalties on Target into Bonuses', 0, 0, 0, 0, 0, 0, 'nonstaff', 0),
(137, 'Ardent Sacrifice', 'assist', 150, 'Heals adjacent ally 10 HP. Unit loses 10HP (but cannot reach 0 this way)', 0, 0, 0, 0, 0, 0, 'nonstaff', 0),
(138, 'Reciprocal Aid', 'assist', 150, 'Swap Hp with adjacent ally (neither unit can go above their max HP)', 0, 0, 0, 0, 0, 0, 'nonstaff', 0),
(139, 'Draw Back', 'assist', 150, 'Unit moves 1 space away from target ally, who moves to unit\'s former position', 0, 0, 0, 0, 0, 0, 'nonstaff', 0),
(140, 'Pivot', 'assist', 150, 'Unit moves to opposite side of adjacent ally', 0, 0, 0, 0, 0, 0, 'nonstaff', 0),
(141, 'Reposition', 'assist', 150, 'Moves adjacent ally to opposite side of unit', 0, 0, 0, 0, 0, 0, 'nonstaff', 0),
(142, 'Shove', 'assist', 150, 'Push adjacent ally 1 space farther away', 0, 0, 0, 0, 0, 0, 'nonstaff', 0),
(143, 'Smite', 'assist', 150, 'Push adjacent ally 2 space farther away', 0, 0, 0, 0, 0, 0, 'nonstaff', 0),
(144, 'Swap', 'assist', 150, 'Swap places with an adjacent ally', 0, 0, 0, 0, 0, 0, 'nonstaff', 0),
(145, 'Heal', 'assist', 0, 'Restore 5 HP', 0, 0, 0, 0, 0, 0, 'staff', 0),
(146, 'Mend', 'assist', 100, 'Restores 10 HP', 0, 0, 0, 0, 0, 0, 'staff', 0),
(147, 'Reconcile', 'assist', 100, 'Restores 7 HP to target unit and this unit', 0, 0, 0, 0, 0, 0, 'staff', 0),
(148, 'Recover', 'assist', 200, 'Restores 15 HP. Slows Special trigger (cooldown count+1)', 0, 0, 0, 0, 0, 0, 'staff', 0),
(149, 'Physic', 'assist', 200, 'Restores 8 HP to target and all allies within 2 spaces of target', 0, 0, 0, 0, 0, 0, 'staff', 0),
(150, 'Martyr', 'assist', 200, 'Restores 7 + (caster\'s suffered damage) HP, Caster heals half of their suffered damage, increases caster\'s special cooldown by 1', 0, 0, 0, 0, 0, 0, 'staff', 0),
(151, 'Rehabilitate', 'assist', 200, 'Restores 7 HP or more the further below 50% the target\'s Hp is. Slows Special trigger (cooldown count+1)', 0, 0, 0, 0, 0, 0, 'staff', 0),
(152, 'Dance', 'assist', 150, 'Enables target to take another action. Cannot be used on units with Sing or Dance', 0, 0, 0, 0, 0, 0, 'unique', 0),
(153, 'Sing', 'assist', 150, 'Enables target to take another action. Cannot be used on units with Sing or Dance', 0, 0, 0, 0, 0, 0, 'unique', 0),
(154, 'Night Sky', 'special', 100, 'Grants +50% to damage dealt', 0, 0, 0, 0, 0, 4, 'nonstaff', 1),
(155, 'Dragon Gaze', 'special', 100, 'Grants +30% to Atk', 0, 0, 0, 0, 0, 4, 'nonstaff', 1),
(156, 'Glowing Ember', 'special', 100, 'Boosts damage dealt by 50% of unit\'s Def', 0, 0, 0, 0, 0, 4, 'nonstaff', 1),
(157, 'Daylight', 'special', 100, 'Heals 30% of damage dealt', 0, 0, 0, 0, 0, 4, 'nonstaff', 1),
(158, 'New Moon', 'special', 100, 'Resolve combat as if foe suffered Def/Res -30%', 0, 0, 0, 0, 0, 3, 'nonstaff', 1),
(159, 'Chilling Wind', 'special', 100, 'Boosts damage dealt by 50% of unit\'s Res', 0, 0, 0, 0, 0, 4, 'nonstaff', 1),
(160, 'Retribution', 'special', 100, 'Grants bonus damage equal to 30% of damage suffered', 0, 0, 0, 0, 0, 3, 'nonstaff', 1),
(161, 'Glimmer', 'special', 200, 'Deal +50% Damage', 0, 0, 0, 0, 0, 3, 'nonstaff', 1),
(162, 'Astra', 'special', 200, 'Deal +150% Damage', 0, 0, 0, 0, 0, 5, 'nonstaff', 1),
(163, 'Draconic Aura', 'special', 200, 'Grants +30% to Atk', 0, 0, 0, 0, 0, 3, 'nonstaff', 1),
(164, 'Dragon Fang', 'special', 200, 'Grant +50% to Atk', 0, 0, 0, 0, 0, 4, 'nonstaff', 1),
(165, 'Bonfire', 'special', 200, 'Boosts damage dealth by 50% of unit\'s Def.', 0, 0, 0, 0, 0, 3, 'nonstaff', 1),
(166, 'Ignis', 'special', 200, 'Boosts damage dealt by 80% of the unit\'s Def.', 0, 0, 0, 0, 0, 4, 'nonstaff', 1),
(167, 'Noontime', 'special', 200, 'Heals 30% of damage dealt', 0, 0, 0, 0, 0, 3, 'nonstaff', 1),
(168, 'Sol', 'special', 200, 'Heal 50% of damage dealt', 0, 0, 0, 0, 0, 4, 'nonstaff', 1),
(169, 'Moonbow', 'special', 200, 'Resolve combat as if foe suffered Def/Res-30%', 0, 0, 0, 0, 0, 2, 'nonstaff', 1),
(170, 'Luna', 'special', 200, 'Resolve combat as if foe suffered Def/Res-50%.', 0, 0, 0, 0, 0, 3, 'nonstaff', 1),
(171, 'Iceberg', 'special', 200, 'Boosts damage dealt by 50% of the targets Res', 0, 0, 0, 0, 0, 3, 'nonstaff', 1),
(172, 'Glacies', 'special', 200, 'Boosts damage dealt by 80% of the unit\'s Res.', 0, 0, 0, 0, 0, 4, 'nonstaff', 1),
(173, 'Reprisal', 'special', 200, 'Grants Bonus damage equal to 30% of suffered damage', 0, 0, 0, 0, 0, 2, 'nonstaff', 1),
(174, 'Vengeance', 'special', 200, 'Grants Bonus damage equal to 50% of suffered damage', 0, 0, 0, 0, 0, 3, 'nonstaff', 1),
(175, 'Galeforce', 'special', 500, 'If this unit initiates an attack, it can take another action after combat. (Once per turn only).', 0, 0, 0, 0, 0, 5, 'melee,physical', 1),
(176, 'Aether', 'special', 500, 'Resolve combat as if foe suffered Def/Res-50%. Unit recovers HP=half damage dealt.', 0, 0, 0, 0, 0, 5, 'nonstaff', 1),
(177, 'Rising Thunder', 'special', 150, 'Before combat unit initiates, foes in an area near target take damage=unit\'s Atk minus foe\'s Def or Res', 0, 0, 0, 0, 0, 5, 'nonstaff', 1),
(178, 'Rising Wind', 'special', 150, 'Before combat unit initiates, foes in an area near target take damage=unit\'s Atk minus foe\'s Def or Res', 0, 0, 0, 0, 0, 5, 'nonstaff', 1),
(179, 'Rising Light', 'special', 150, 'Before combat unit initiates, foes in an area near target take damage=unit\'s Atk minus foe\'s Def or Res', 0, 0, 0, 0, 0, 5, 'nonstaff', 1),
(180, 'Rising Flame', 'special', 150, 'Before combat unit initiates, foes in an area near target take damage=unit\'s Atk minus foe\'s Def or Res', 0, 0, 0, 0, 0, 5, 'nonstaff', 1),
(181, 'Growing Thunder', 'special', 300, 'Before combat unit initiates, foes in wide area near target take damage=unit\'s Atk minus foe\'s Def or Res', 0, 0, 0, 0, 0, 5, 'nonstaff', 1),
(182, 'Blazing Thunder', 'special', 300, 'Before combat unit initiates, foes in area near target take damage=1.5x unit\'s Atk minus foe\'s Def or Res', 0, 0, 0, 0, 0, 5, 'nonstaff', 1),
(183, 'Growing Wind', 'special', 300, 'Before combat unit initiates, foes in wide area near target take damage=unit\'s Atk minus foe\'s Def or Res', 0, 0, 0, 0, 0, 5, 'nonstaff', 1),
(184, 'Blazing Wind', 'special', 300, 'Before combat unit initiates, foes in area near target take damage=1.5x unit\'s Atk minus foe\'s Def or Res', 0, 0, 0, 0, 0, 5, 'nonstaff', 1),
(185, 'Growing Light', 'special', 300, 'Before combat unit initiates, foes in a wide area near target take damage equal to unit\'s Atk minus foe\'s Def or Res', 0, 0, 0, 0, 0, 5, 'nonstaff', 1),
(186, 'Blazing Light', 'special', 300, 'Before combat unit intiates, foes in area near target take damage equal to 1.5x unit\'s Atk minus foe\'s Def or Res', 0, 0, 0, 0, 0, 5, 'nonstaff', 1),
(187, 'Growing Flame', 'special', 300, 'Before combat unit initiates, foes in wide area near target take damage=unit\'s Atk minus foe\'s Def or Res', 0, 0, 0, 0, 0, 5, 'nonstaff', 1),
(188, 'Blazing Flame', 'special', 300, 'Before combat unit initiates, foes in area near target take damage=1.5x unit\'s Atk minus foe\'s Def or Res', 0, 0, 0, 0, 0, 5, 'nonstaff', 1),
(189, 'Buckler', 'special', 100, 'Reduces damage inflicted by attacks from adjacent foes by 30%', 0, 0, 0, 0, 0, 3, 'melee', 1),
(190, 'Holy Vestments', 'special', 100, 'Reduces Damage inflicted by attacks from foes 2 spaces away by 30%', 0, 0, 0, 0, 0, 3, 'melee', 1),
(191, 'Escutcheon', 'special', 200, 'Reduces damage inflicted by attacks from adjacent foes by 30%', 0, 0, 0, 0, 0, 2, 'melee', 1),
(192, 'Pavise', 'special', 200, 'Reduce damage inflicted by attacks from adjacent foes by 50%', 0, 0, 0, 0, 0, 3, 'melee', 1),
(193, 'Sacred Cowl', 'special', 200, 'Reduces Damage inflicted by attacks from foes 2 spaces away by 30%', 0, 0, 0, 0, 0, 2, 'melee', 1),
(194, 'Aegis', 'special', 200, 'Reduces damage inflicted by attacks from foes 2 spaces away by 50%', 0, 0, 0, 0, 0, 3, 'melee', 1),
(195, 'Imbue', 'special', 50, 'When healing an ally with a staff, increases recovered HP by 10.', 0, 0, 0, 0, 0, 1, 'staff', 0),
(196, 'Heavenly Light', 'special', 150, 'When healing an ally with a staff, all other allies recover 10 HP', 0, 0, 0, 0, 0, 2, 'staff', 0),
(197, 'Kindled-Fire Balm', 'special', 150, 'When healing an ally with a staff, grants all allies Atk+4 for 1 turn.', 0, 0, 0, 0, 0, 1, 'staff', 0),
(198, 'Swift-Winds Balm', 'special', 150, 'When healing an ally w/ staff, grants all allies +4 Spd for 1 turn', 0, 0, 0, 0, 0, 1, 'staff', 0),
(199, 'Solid-Earth Balm', 'special', 150, 'When healing an aly w/ staff, grants all allies +4 Def for 1 turn', 0, 0, 0, 0, 0, 1, 'staff', 0),
(200, 'Still-Water Balm', 'special', 150, 'When healing an ally with a staff, grants all allies Res+4 for 1 turn.', 0, 0, 0, 0, 0, 1, 'staff', 0),
(201, 'Miracle', 'special', 200, 'If HP>1, survive a lethal attack at 1HP', 0, 0, 0, 0, 0, 5, '', 1),
(202, 'HP 3', 'a', 30, 'Grants +3 max HP', 3, 0, 0, 0, 0, 0, '', 1),
(203, 'HP 4', 'a', 60, 'Grants +4 max HP', 4, 0, 0, 0, 0, 0, '', 1),
(204, 'HP 5', 'a', 120, 'Grants +5 max HP', 5, 0, 0, 0, 0, 0, '', 1),
(205, 'Attack 1', 'a', 30, 'Grants Atk +1', 0, 1, 0, 0, 0, 0, '', 1),
(206, 'Attack 2', 'a', 60, 'Grants Atk +2', 0, 2, 0, 0, 0, 0, '', 1),
(207, 'Attack 3', 'a', 120, 'Grants Atk +3', 0, 3, 0, 0, 0, 0, '', 1),
(208, 'Speed 1', 'a', 30, 'Grants Spd+1', 0, 0, 1, 0, 0, 0, '', 1),
(209, 'Speed 2', 'a', 60, 'Grants Spd+2', 0, 0, 2, 0, 0, 0, '', 1),
(210, 'Speed 3', 'a', 120, 'Grants Spd+3', 0, 0, 3, 0, 0, 0, '', 1),
(211, 'Defense 1', 'a', 30, 'Grants Def+1', 0, 0, 0, 1, 0, 0, '', 1),
(212, 'Defense 2', 'a', 60, 'Grants Def+2', 0, 0, 0, 2, 0, 0, '', 1),
(213, 'Defense 3', 'a', 120, 'Grants Def+3', 0, 0, 0, 3, 0, 0, '', 1),
(214, 'Resistance 1', 'a', 30, 'Grants Res +1', 0, 0, 0, 0, 1, 0, '', 1),
(215, 'Resistance 2', 'a', 60, 'Grants Res +2', 0, 0, 0, 0, 2, 0, '', 1),
(216, 'Resistance 3', 'a', 120, 'Grants Res +3', 0, 0, 0, 0, 3, 0, '', 1),
(217, 'Fury 1', 'a', 50, 'Grants Atk/Spd/Def/Res+1. Take 2 damage after combat.', 0, 1, 1, 1, 1, 0, 'nonstaff', 1),
(218, 'Fury 2', 'a', 100, 'Grants Atk/Spd/Def/Res+2. Take 4 damage after combat.', 0, 2, 2, 2, 2, 0, 'nonstaff', 1),
(219, 'Fury 3', 'a', 200, 'Grants Atk/Spd/Def/Res+3. Take 6 damage after combat.', 0, 3, 3, 3, 3, 0, 'nonstaff', 1),
(220, 'Life and Death 1', 'a', 50, 'Grants Atk/Spd+3. Inflicts Def/Res-3', 0, 3, 3, -3, -3, 0, 'nonstaff', 1),
(221, 'Life and Death 2', 'a', 100, 'Grants Atk/Spd+4. Inflicts Def/Res-4', 0, 4, 4, -4, -4, 0, 'nonstaff', 1),
(222, 'Life and Death 3', 'a', 200, 'Grants Atk/Spd+5. Inflicts Def/Res-5', 0, 5, 5, -5, -5, 0, 'nonstaff', 1),
(223, 'Armored Blow 1', 'a', 50, 'Grants Def +2 during combat if initiate attack', 0, 0, 0, 0, 0, 0, 'nonstaff', 1),
(224, 'Armored Blow 2', 'a', 100, 'Grants Def +4 during combat if initiate attack', 0, 0, 0, 0, 0, 0, 'nonstaff', 1),
(225, 'Armored Blow 3', 'a', 200, 'Grants Def +6 during combat if initiate attack', 0, 0, 0, 0, 0, 0, 'nonstaff', 1),
(226, 'Darting Blow 1', 'a', 50, 'Grants Spd+2 during combat if unit initiates the attack', 0, 0, 0, 0, 0, 0, 'nonstaff', 1),
(227, 'Darting Blow 2', 'a', 100, 'Grants Spd+4 during combat if unit initiates the attack', 0, 0, 0, 0, 0, 0, 'nonstaff', 1),
(228, 'Darting Blow 3', 'a', 200, 'Grants Spd+6 during combat if unit initiates the attack', 0, 0, 0, 0, 0, 0, 'nonstaff', 1),
(229, 'Death Blow 1', 'a', 50, 'Grants Atk+2 if unit initiates combat.', 0, 0, 0, 0, 0, 0, 'nonstaff', 1),
(230, 'Death Blow 2', 'a', 100, 'Grants Atk+4 if unit initiates combat.', 0, 0, 0, 0, 0, 0, 'nonstaff', 1),
(231, 'Death Blow 3', 'a', 200, 'Grants Atk+6 if unit initiates combat.', 0, 0, 0, 0, 0, 0, 'nonstaff', 1),
(232, 'Warding Blow 1', 'a', 50, 'Grants Res+2 during combat if unit initiates the attack.', 0, 0, 0, 0, 0, 0, 'nonstaff', 1),
(233, 'Warding Blow 2', 'a', 100, 'Grants Res+4 during combat if unit initiates the attack.', 0, 0, 0, 0, 0, 0, 'nonstaff', 1),
(234, 'Warding Blow 3', 'a', 200, 'Grants Res+6 during combat if unit initiates the attack.', 0, 0, 0, 0, 0, 0, 'nonstaff', 1),
(235, 'Defiant Atk 1', 'a', 40, 'Grants Atk+3 at start of turn if unit\'s HP<=50%', 0, 0, 0, 0, 0, 0, '', 1),
(236, 'Defiant Atk 2', 'a', 80, 'Grants Atk+5 at start of turn if unit\'s HP<=50%', 0, 0, 0, 0, 0, 0, '', 1),
(237, 'Defiant Atk 3', 'a', 160, 'Grants Atk+7 at start of turn if unit\'s HP<=50%', 0, 0, 0, 0, 0, 0, '', 1),
(238, 'Defiant Spd 1', 'a', 40, 'Grants Spd+3 at start of turn if unit\'s HP <=50%', 0, 0, 0, 0, 0, 0, '', 1),
(239, 'Defiant Spd 2', 'a', 80, 'Grants Spd+5 at start of turn if unit\'s HP <=50%', 0, 0, 0, 0, 0, 0, '', 1),
(240, 'Defiant Spd 3', 'a', 160, 'Grants Spd+7 at start of turn if unit\'s HP <=50%', 0, 0, 0, 0, 0, 0, '', 1),
(241, 'Defiant Def 1', 'a', 40, 'Grants Def+3 at start of turn if unit\'s HP <=50%', 0, 0, 0, 0, 0, 0, '', 1),
(242, 'Defiant Def 2', 'a', 80, 'Grants Def+5 at start of turn if unit\'s HP <=50%', 0, 0, 0, 0, 0, 0, '', 1),
(243, 'Defiant Def 3', 'a', 160, 'Grants Def+7 at start of turn if unit\'s HP <=50%', 0, 0, 0, 0, 0, 0, '', 1),
(244, 'Defiant Res 1', 'a', 40, 'Grants Res+3 at start of turn if unit\'s HP<=50%', 0, 0, 0, 0, 0, 0, '', 1),
(245, 'Defiant Res 2', 'a', 80, 'Grants Res+5 at start of turn if unit\'s HP<=50%', 0, 0, 0, 0, 0, 0, '', 1),
(246, 'Defiant Res 3', 'a', 160, 'Grants Res+7 at start of turn if unit\'s HP<=50%', 0, 0, 0, 0, 0, 0, '', 1),
(247, 'Triangle Adept 1', 'a', 50, 'Gives Atk+10% if weapon-triangle advantage, Atk-10% if disadvantage.', 0, 0, 0, 0, 0, 0, 'nongray', 1),
(248, 'Triangle Adept 2', 'a', 100, 'Gives Atk+15% if weapon-triangle advantage, Atk-15% if disadvantage.', 0, 0, 0, 0, 0, 0, 'nongray', 1),
(249, 'Triangle Adept 3', 'a', 200, 'Gives Atk+20% if weapon-triangle advantage, Atk-20% if disadvantage.', 0, 0, 0, 0, 0, 0, 'nongray', 1),
(250, 'Close Counter', 'a', 300, 'Allows unit to counter attack at all ranges', 0, 0, 0, 0, 0, 0, 'ranged', 1),
(251, 'Distant Counter', 'a', 300, 'Enables unit to counterattack regardless of distance to attacker.', 0, 0, 0, 0, 0, 0, 'melee', 1),
(252, 'Svalinn Shield', 'a', 200, 'Neutralizes \"effective against\" bonuses.', 0, 0, 0, 0, 0, 0, 'armored', 1),
(253, 'Seal Atk 1', 'b', 40, 'After combat, foe suffers Atk-3 through its next action.', 0, 0, 0, 0, 0, 0, 'nonstaff', 1),
(254, 'Seal Atk 2', 'b', 80, 'After combat, foe suffers Atk-5 through its next action.', 0, 0, 0, 0, 0, 0, 'nonstaff', 1),
(255, 'Seal Atk 3', 'b', 160, 'After combat, foe suffers Atk-7 through its next action.', 0, 0, 0, 0, 0, 0, 'nonstaff', 1),
(256, 'Seal Spd 1', 'b', 40, 'After combat, foe suffers Spd-3 through its next action', 0, 0, 0, 0, 0, 0, 'nonstaff', 1),
(257, 'Seal Spd 2', 'b', 80, 'After combat, foe suffers Spd-5 through its next action', 0, 0, 0, 0, 0, 0, 'nonstaff', 1),
(258, 'Seal Spd 3', 'b', 160, 'After combat, foe suffers Spd-7 through its next action', 0, 0, 0, 0, 0, 0, 'nonstaff', 1),
(259, 'Seal Def 1', 'b', 40, 'After combat, foe suffers Def-3 through its next action', 0, 0, 0, 0, 0, 0, 'nonstaff', 1),
(260, 'Seal Def 2', 'b', 80, 'After combat, foe suffers Def-5 through its next action', 0, 0, 0, 0, 0, 0, 'nonstaff', 1),
(261, 'Seal Def 3', 'b', 160, 'After combat, foe suffers Def-7 through its next action', 0, 0, 0, 0, 0, 0, 'nonstaff', 1),
(262, 'Seal Res 1', 'b', 40, 'After combat, foe suffers Res-3 through its next action', 0, 0, 0, 0, 0, 0, 'nonstaff', 1),
(263, 'Seal Res 2', 'b', 80, 'After combat, foe suffers Res-5 through its next action', 0, 0, 0, 0, 0, 0, 'nonstaff', 1),
(264, 'Seal Res 3', 'b', 160, 'After combat, foe suffers Res-7 through its next action', 0, 0, 0, 0, 0, 0, 'nonstaff', 1),
(265, 'Escape Route 1', 'b', 60, 'If under 30% HP, can warp to any ally', 0, 0, 0, 0, 0, 0, '', 0),
(266, 'Escape Route 2', 'b', 120, 'If under 40% HP, can warp to any ally', 0, 0, 0, 0, 0, 0, '', 0),
(267, 'Escape Route 3', 'b', 240, 'If under 50% HP, can warp to any ally', 0, 0, 0, 0, 0, 0, '', 0),
(268, 'Wings of Mercy 1', 'b', 60, 'Enables unit to warp adjacent to any ally with HP <=30%', 0, 0, 0, 0, 0, 0, '', 0),
(269, 'Wings of Mercy 2', 'b', 120, 'Enables unit to warp adjacent to any ally with HP <=40%', 0, 0, 0, 0, 0, 0, '', 0),
(270, 'Wings of Mercy 3', 'b', 240, 'Enables unit to warp adjacent to any ally with HP <=50%', 0, 0, 0, 0, 0, 0, '', 0),
(271, 'Pass 1', 'b', 50, 'Unit can pass through foes if its own HP>=75%', 0, 0, 0, 0, 0, 0, '', 0),
(272, 'Pass 2', 'b', 100, 'Unit can pass through foes if its own HP>=50%', 0, 0, 0, 0, 0, 0, '', 0),
(273, 'Pass 3', 'b', 200, 'Unit can pass through foes if its own HP>=25%', 0, 0, 0, 0, 0, 0, '', 0),
(274, 'Obstruct 1', 'b', 50, 'Prevents foes from moving through adjacent spaces while this unit\'s HP >=90% (No effect on foes with a Pass skill.)', 0, 0, 0, 0, 0, 0, '', 0),
(275, 'Obstruct 2', 'b', 100, 'Prevents foes from moving through adjacent spaces while this unit\'s HP >=70% (No effect on foes with a Pass skill.)', 0, 0, 0, 0, 0, 0, '', 0),
(276, 'Obstruct 3', 'b', 200, 'Prevents foes from moving through adjacent spaces while this unit\'s HP >=50% (No effect on foes with a Pass skill.)', 0, 0, 0, 0, 0, 0, '', 0),
(277, 'Wary Fighter 1', 'b', 60, 'Prevents follow-up attacks in combat from unit and foes if unit\'s HP>=90%', 0, 0, 0, 0, 0, 0, 'armored', 1),
(278, 'Wary Fighter 2', 'b', 120, 'Prevents follow-up attacks in combat from unit and foes if unit\'s HP>=70%', 0, 0, 0, 0, 0, 0, 'armored', 1),
(279, 'Wary Fighter 3', 'b', 240, 'Prevents follow-up attacks in combat from unit and foes if unit\'s HP>=50%', 0, 0, 0, 0, 0, 0, 'armored', 1),
(280, 'Vantage 1', 'b', 50, 'Unit Counterattacks first when attacked at HP<=25%', 0, 0, 0, 0, 0, 0, '', 1),
(281, 'Vantage 2', 'b', 100, 'Unit Counterattacks first when attacked at HP<=50%', 0, 0, 0, 0, 0, 0, '', 1),
(282, 'Vantage 3', 'b', 200, 'Unit Counterattacks first when attacked at HP<=75%', 0, 0, 0, 0, 0, 0, '', 1),
(283, 'Quick Riposte 1', 'b', 60, 'Unit automatically makes a follow-up attack if attacked at >90% HP', 0, 0, 0, 0, 0, 0, '', 1),
(284, 'Quick Riposte 2', 'b', 120, 'Unit automatically makes a follow-up attack if attacked at >80% HP', 0, 0, 0, 0, 0, 0, '', 1),
(285, 'Quick Riposte 3', 'b', 240, 'Unit automatically makes a follow-up attack if attacked at >70% HP', 0, 0, 0, 0, 0, 0, '', 1),
(286, 'Desperation 1', 'b', 50, 'If unit initiates combat with HP<=25%, follow up attacks occur immediately after unit\'s attack.', 0, 0, 0, 0, 0, 0, '', 1),
(287, 'Desperation 2', 'b', 100, 'If unit initiates combat with HP<=50%, follow up attacks occur immediately after unit\'s attack.', 0, 0, 0, 0, 0, 0, '', 1),
(288, 'Desperation 3', 'b', 200, 'If unit initiates combat with HP<=75%, follow up attacks occur immediately after unit\'s attack.', 0, 0, 0, 0, 0, 0, '', 1),
(289, 'Brash Assault 1', 'b', 50, 'Unit automatically makes a follow-up attack when at HP<=30% and attacking a foe that can counter.', 0, 0, 0, 0, 0, 0, '', 1),
(290, 'Brash Assault 2', 'b', 100, 'Unit automatically makes a follow-up attack when at HP<=40% and attacking a foe that can counter.', 0, 0, 0, 0, 0, 0, '', 1),
(291, 'Brash Assault 3', 'b', 200, 'Unit automatically makes a follow-up attack when at HP<=50% and attacking a foe that can counter.', 0, 0, 0, 0, 0, 0, '', 1),
(292, 'Poison Strike 1', 'b', 60, 'Inflicts 4 damage to foe after any combat this unit initiates', 0, 0, 0, 0, 0, 0, 'nonstaff', 1),
(293, 'Poison Strike 2', 'b', 120, 'Inflicts 7 damage to foe after any combat this unit initiates', 0, 0, 0, 0, 0, 0, 'nonstaff', 1),
(294, 'Poison Strike 3', 'b', 240, 'Inflicts 10 damage to foe after any combat this unit initiates', 0, 0, 0, 0, 0, 0, 'nonstaff', 1),
(295, 'Renewal 1', 'b', 60, 'At the start of every 4th turn, restores 10 HP', 0, 0, 0, 0, 0, 0, '', 1),
(296, 'Renewal 2', 'b', 120, 'At the start of every 3rd turn, restores 10 HP', 0, 0, 0, 0, 0, 0, '', 1),
(297, 'Renewal 3', 'b', 240, 'At the start of every other turn, restores 10 HP', 0, 0, 0, 0, 0, 0, '', 1),
(298, 'Live to Serve 1', 'b', 40, 'When healing allies with a staff, unit also recovers 50% of the amount healed', 0, 0, 0, 0, 0, 0, 'staff', 0),
(299, 'Live to Serve 2', 'b', 80, 'When healing allies with a staff, unit also recovers 75% of the amount healed', 0, 0, 0, 0, 0, 0, 'staff', 0),
(300, 'Live to Serve 3', 'b', 160, 'When healing allies with a staff, unit also recovers the same amount.', 0, 0, 0, 0, 0, 0, 'staff', 0),
(301, 'Swordbreaker 1', 'b', 50, 'If >90% HP and in combat against a sword user, unit will double attack and foe cannot', 0, 0, 0, 0, 0, 0, 'nongreen', 1),
(302, 'Swordbreaker 2', 'b', 100, 'If >70% HP and in combat against a sword user, unit will double attack and foe cannot', 0, 0, 0, 0, 0, 0, 'nongreen', 1),
(303, 'Swordbreaker 3', 'b', 200, 'If >50% HP and in combat against a sword user, unit will double attack and foe cannot', 0, 0, 0, 0, 0, 0, 'nongreen', 1),
(304, 'Axebreaker 1', 'b', 50, 'If >90% HP and in combat against an axe user, unit wil double attack and foe cannot', 0, 0, 0, 0, 0, 0, 'nonblue', 1),
(305, 'Axebreaker 2', 'b', 100, 'If >70% HP and in combat against an axe user, unit wil double attack and foe cannot', 0, 0, 0, 0, 0, 0, 'nonblue', 1),
(306, 'Axebreaker 3', 'b', 200, 'If >50% HP and in combat against an axe user, unit wil double attack and foe cannot', 0, 0, 0, 0, 0, 0, 'nonblue', 1),
(307, 'Lancebreaker 1', 'b', 50, 'If unit\'s HP >=90% in combat against a lance user, unit makes a follow up attack and foe cannot.', 0, 0, 0, 0, 0, 0, 'nonred', 1),
(308, 'Lancebreaker 2', 'b', 100, 'If unit\'s HP >=70% in combat against a lance user, unit makes a follow up attack and foe cannot.', 0, 0, 0, 0, 0, 0, 'nonred', 1),
(309, 'Lancebreaker 3', 'b', 200, 'If unit\'s HP >=50% in combat against a lance user, unit makes a follow up attack and foe cannot.', 0, 0, 0, 0, 0, 0, 'nonred', 1),
(310, 'B Tomebreaker 1', 'b', 50, 'If unit\'s HP >=90% in combat against a blue tome user, unit makes a follow up attack and foe cannot.', 0, 0, 0, 0, 0, 0, 'nonred', 1),
(311, 'B Tomebreaker 2', 'b', 100, 'If unit\'s HP >=70% in combat against a blue tome user, unit makes a follow up attack and foe cannot.', 0, 0, 0, 0, 0, 0, 'nonred', 1),
(312, 'B Tomebreaker 3', 'b', 200, 'If unit\'s HP >=50% in combat against a blue tome user, unit makes a follow up attack and foe cannot.', 0, 0, 0, 0, 0, 0, 'nonred', 1),
(313, 'G Tomebreaker 1', 'b', 50, 'If unit\'s HP >=90% in combat against a green tome user, unit makes a follow up attack and foe cannot.', 0, 0, 0, 0, 0, 0, 'nonblue', 1),
(314, 'G Tomebreaker 2', 'b', 100, 'If unit\'s HP >=70% in combat against a green tome user, unit makes a follow up attack and foe cannot.', 0, 0, 0, 0, 0, 0, 'nonblue', 1),
(315, 'G Tomebreaker 3', 'b', 200, 'If unit\'s HP >=50% in combat against a green tome user, unit makes a follow up attack and foe cannot.', 0, 0, 0, 0, 0, 0, 'nonblue', 1),
(316, 'R Tomebreaker 1', 'b', 50, 'If unit\'s HP >=90% in combat against a red tome user, unit makes a follow up attack and foe cannot.', 0, 0, 0, 0, 0, 0, 'nongreen', 1),
(317, 'R Tomebreaker 2', 'b', 100, 'If unit\'s HP >=70% in combat against a red tome user, unit makes a follow up attack and foe cannot.', 0, 0, 0, 0, 0, 0, 'nongreen', 1),
(318, 'R Tomebreaker 3', 'b', 200, 'If unit\'s HP >=50% in combat against a red tome user, unit makes a follow up attack and foe cannot.', 0, 0, 0, 0, 0, 0, 'nongreen', 1),
(319, 'Bowbreaker 1', 'b', 50, 'If unit\'s HP >=90% in combat against a bow user, unit makes a follow up attack and foe cannot.', 0, 0, 0, 0, 0, 0, 'nonflying', 1),
(320, 'Bowbreaker 2', 'b', 100, 'If unit\'s HP >=70% in combat against a bow user, unit makes a follow up attack and foe cannot.', 0, 0, 0, 0, 0, 0, 'nonflying', 1),
(321, 'Bowbreaker 3', 'b', 200, 'If unit\'s HP >=50% in combat against a bow user, unit makes a follow up attack and foe cannot.', 0, 0, 0, 0, 0, 0, 'nonflying', 1),
(322, 'Daggerbreaker 1', 'b', 50, 'If unit\'s HP >=90% in combat against a dagger user, unit makes a follow up attack and foe cannot.', 0, 0, 0, 0, 0, 0, '', 1),
(323, 'Daggerbreaker 2', 'b', 100, 'If unit\'s HP >=70% in combat against a dagger user, unit makes a follow up attack and foe cannot.', 0, 0, 0, 0, 0, 0, '', 1),
(324, 'Daggerbreaker 3', 'b', 200, 'If unit\'s HP >=50% in combat against a dagger user, unit makes a follow up attack and foe cannot.', 0, 0, 0, 0, 0, 0, '', 1),
(325, 'Lunge', 'b', 150, 'If unit initiates attack, after combat, unit and targeted foe swap places.', 0, 0, 0, 0, 0, 0, 'melee', 0),
(326, 'Knock Back', 'b', 150, 'If unit initates, foe is moved back 1 space after combat', 0, 0, 0, 0, 0, 0, 'melee', 0),
(327, 'Drag Back', 'b', 150, 'If unit initiates attack, the unit moves 1 space away after combat. Foe moves into unit\'s previous space.', 0, 0, 0, 0, 0, 0, 'melee', 0),
(328, 'Hone Atk 1', 'c', 50, 'Grants adjacent allies Atk+2 through their next actions at the start of each turn.', 0, 0, 0, 0, 0, 0, '', 0),
(329, 'Hone Atk 2', 'c', 100, 'Grants adjacent allies Atk+3 through their next actions at the start of each turn.', 0, 0, 0, 0, 0, 0, '', 0),
(330, 'Hone Atk 3', 'c', 200, 'Grants adjacent allies Atk+4 through their next actions at the start of each turn.', 0, 0, 0, 0, 0, 0, '', 0),
(331, 'Hone Spd 1', 'c', 50, 'Grants adjacent allies Spd+2 through their next actions at the start of each turn', 0, 0, 0, 0, 0, 0, '', 0),
(332, 'Hone Spd 2', 'c', 100, 'Grants adjacent allies Spd+3 through their next actions at the start of each turn', 0, 0, 0, 0, 0, 0, '', 0),
(333, 'Hone Spd 3', 'c', 200, 'Grants adjacent allies Spd+4 through their next actions at the start of each turn', 0, 0, 0, 0, 0, 0, '', 0),
(334, 'Fortify Def 1', 'c', 50, 'Grants adjacent allies Def+2 through their next actions at the start of each turn.', 0, 0, 0, 0, 0, 0, '', 0),
(335, 'Fortify Def 2', 'c', 100, 'Grants adjacent allies Def+3 through their next actions at the start of each turn.', 0, 0, 0, 0, 0, 0, '', 0),
(336, 'Fortify Def 3', 'c', 200, 'Grants adjacent allies Def+4 through their next actions at the start of each turn.', 0, 0, 0, 0, 0, 0, '', 0),
(337, 'Fortify Res 1', 'c', 50, 'Grants adjacent allies Res+2 through their next actions at the start of each turn', 0, 0, 0, 0, 0, 0, '', 0),
(338, 'Fortify Res 2', 'c', 100, 'Grants adjacent allies Res+3 through their next actions at the start of each turn', 0, 0, 0, 0, 0, 0, '', 0),
(339, 'Fortify Res 3', 'c', 200, 'Grants adjacent allies Res+4 through their next actions at the start of each turn', 0, 0, 0, 0, 0, 0, '', 0),
(340, 'Spur Atk 1', 'c', 50, 'Grants adjacent allies Atk+2 during combat', 0, 0, 0, 0, 0, 0, '', 0),
(341, 'Spur Atk 2', 'c', 100, 'Grants adjacent allies Atk+3 during combat', 0, 0, 0, 0, 0, 0, '', 0),
(342, 'Spur Atk 3', 'c', 200, 'Grants adjacent allies Atk+4 during combat', 0, 0, 0, 0, 0, 0, '', 0),
(343, 'Spur Spd 1', 'c', 50, 'Grants adjacent allies Spd+2 during combat.', 0, 0, 0, 0, 0, 0, '', 0),
(344, 'Spur Spd 2', 'c', 100, 'Grants adjacent allies Spd+3 during combat.', 0, 0, 0, 0, 0, 0, '', 0),
(345, 'Spur Spd 3', 'c', 200, 'Grants adjacent allies Spd+4 during combat.', 0, 0, 0, 0, 0, 0, '', 0),
(346, 'Spur Def 1', 'c', 50, 'Grants adjacent allies Def+2 during combat', 0, 0, 0, 0, 0, 0, '', 0),
(347, 'Spur Def 2', 'c', 100, 'Grants adjacent allies Def+3 during combat', 0, 0, 0, 0, 0, 0, '', 0),
(348, 'Spur Def 3', 'c', 200, 'Grants adjacent allies Def+4 during combat', 0, 0, 0, 0, 0, 0, '', 0),
(349, 'Spur Res 1', 'c', 50, 'Grants adjacent allies Res+2 during combat', 0, 0, 0, 0, 0, 0, '', 0),
(350, 'Spur Res 2', 'c', 100, 'Grants adjacent allies Res+3 during combat', 0, 0, 0, 0, 0, 0, '', 0),
(351, 'Spur Res 3', 'c', 200, 'Grants adjacent allies Res+4 during combat', 0, 0, 0, 0, 0, 0, '', 0),
(352, 'Threaten Atk 1', 'c', 50, 'Inflicts Atk-3 on foes within 2 spaces at the start of each turn', 0, 0, 0, 0, 0, 0, '', 1),
(353, 'Threaten Atk 2', 'c', 100, 'Inflicts Atk-4 on foes within 2 spaces at the start of each turn', 0, 0, 0, 0, 0, 0, '', 1),
(354, 'Threaten Atk 3', 'c', 200, 'Inflicts Atk-5 on foes within 2 spaces at the start of each turn', 0, 0, 0, 0, 0, 0, '', 1),
(355, 'Threaten Spd 1', 'c', 50, 'Inflicts Spd-3 on foes within 2 spaces at the start of each turn', 0, 0, 0, 0, 0, 0, '', 1),
(356, 'Threaten Spd 2', 'c', 100, 'Inflicts Spd-4 on foes within 2 spaces at the start of each turn', 0, 0, 0, 0, 0, 0, '', 1),
(357, 'Threaten Spd 3', 'c', 200, 'Inflicts Spd-5 on foes within 2 spaces at the start of each turn', 0, 0, 0, 0, 0, 0, '', 1),
(358, 'Threaten Def 1', 'c', 50, 'Inflicts Def-3 on foes within 2 spaces at the start of each turn', 0, 0, 0, 0, 0, 0, '', 1),
(359, 'Threaten Def 2', 'c', 100, 'Inflicts Def-4 on foes within 2 spaces at the start of each turn', 0, 0, 0, 0, 0, 0, '', 1),
(360, 'Threaten Def 3', 'c', 200, 'Inflicts Def-5 on foes within 2 spaces at the start of each turn', 0, 0, 0, 0, 0, 0, '', 1),
(361, 'Threaten Res 1', 'c', 50, 'Inflicts Res-3 on foes within 2 spaces at the start of each turn', 0, 0, 0, 0, 0, 0, '', 1),
(362, 'Threaten Res 2', 'c', 100, 'Inflicts Res-4 on foes within 2 spaces at the start of each turn', 0, 0, 0, 0, 0, 0, '', 1),
(363, 'Threaten Res 3', 'c', 200, 'Inflicts Res-5 on foes within 2 spaces at the start of each turn', 0, 0, 0, 0, 0, 0, '', 1),
(364, 'Savage Blow 1', 'c', 50, 'If unit initiates attack, foes within 2 spaces take 3 damage after combat', 0, 0, 0, 0, 0, 0, '', 0),
(365, 'Savage Blow 2', 'c', 100, 'If unit initiates attack, foes within 2 spaces take 5 damage after combat', 0, 0, 0, 0, 0, 0, '', 0),
(366, 'Savage Blow 3', 'c', 200, 'If unit initiates attack, foes within 2 spaces take 7 damage after combat', 0, 0, 0, 0, 0, 0, '', 0),
(367, 'Breath of Life 1', 'c', 50, 'If unit initates attack, adjacent allies recover 3 Hp after combat.', 0, 0, 0, 0, 0, 0, '', 0),
(368, 'Breath of Life 2', 'c', 100, 'If unit initates attack, adjacent allies recover 5 Hp after combat.', 0, 0, 0, 0, 0, 0, '', 0),
(369, 'Breath of Life 3', 'c', 200, 'If unit initates attack, adjacent allies recover 7 Hp after combat.', 0, 0, 0, 0, 0, 0, '', 0),
(370, 'Hone Armor', 'c', 200, 'Grants adjacent armored allies Atk/Spd+6 through their next actions at the start of each turn', 0, 0, 0, 0, 0, 0, 'armored', 0),
(371, 'Fortify Armor', 'c', 200, 'Grants adjacent armored allies Def/Res+6 through their next actions at the start of each turn.', 0, 0, 0, 0, 0, 0, 'armored', 0),
(372, 'Goad Armor', 'c', 200, 'Grants armored allies within 2 spaces Spd/Atk+4 during combat', 0, 0, 0, 0, 0, 0, 'armored', 0),
(373, 'Ward Armor', 'c', 200, 'Grants armored allies within 2 spaces Def/Res+4 during combat.', 0, 0, 0, 0, 0, 0, 'armored', 0),
(374, 'Hone Fliers', 'c', 200, 'Grants adjacent flying allies Atk/Spd+6 through their next actions at the start of each turn.', 0, 0, 0, 0, 0, 0, 'flying', 0),
(375, 'Fortify Fliers', 'c', 200, 'Grants adjacent flying allies Def/Res+6 through their next actions at the start of each turn.', 0, 0, 0, 0, 0, 0, 'flying', 0),
(376, 'Goad Fliers', 'c', 200, 'Grants flying allies within 2 spaces Spd/Atk+4 during combat.', 0, 0, 0, 0, 0, 0, 'flying', 0),
(377, 'Ward Fliers', 'c', 200, 'Grants flying allies within 2 spaces Def/Res+4 during combat.', 0, 0, 0, 0, 0, 0, 'flying', 0),
(378, 'Hone Cavalry', 'c', 200, 'Grants adjacent cavalry allies Atk/Spd+6 through their next actions at the start of each turn.', 0, 0, 0, 0, 0, 0, 'cavalry', 0),
(379, 'Fortify Cavalry', 'c', 200, 'Grants adjacent cavalry allies Def/Res+6 through their next actions at the start of each turn.', 0, 0, 0, 0, 0, 0, 'cavalry', 0),
(380, 'Goad Cavalry', 'c', 200, 'Grants cavalry allies within 2 spaces Spd/Atk+4 during combat.', 0, 0, 0, 0, 0, 0, 'cavalry', 0),
(381, 'Ward Cavalry', 'c', 200, 'Grants cavalry allies within 2 spaces Def/Res+4 during combat', 0, 0, 0, 0, 0, 0, 'cavalry', 0),
(382, 'Fortify Dragons', 'c', 200, 'Grants adjacent dragon allies Def/Res+6 through their next actions at the start of each turn', 0, 0, 0, 0, 0, 0, 'dragon', 0),
(383, 'Iote\'s Shield', 'a', 200, 'Negates effective against bonuses.', 0, 0, 0, 0, 0, 0, 'flying', 1),
(384, 'Swift Sparrow 1', 'a', 120, 'If unit initiates combat, unit granted Atk/Spd+2 during battle.', 0, 0, 0, 0, 0, 0, 'nonstaff', 1),
(385, 'Swift Sparrow 2', 'a', 240, 'If unit initiates combat, unit granted Atk/Spd+4 during battle.', 0, 0, 0, 0, 0, 0, 'nonstaff', 1),
(386, 'Carrot Lance', 'weapon', 200, 'If unit initiates attack, unit recovers 4 HP after the battle.', 0, 9, 0, 0, 0, 0, 'lance', 1),
(387, 'Carrot Lance+', 'weapon', 300, 'If unit initiates attack, unit recovers 4 HP after the battle.', 0, 13, 0, 0, 0, 0, 'lance', 1),
(388, 'Carrot Axe', 'weapon', 200, 'If unit initiates attack, unit recovers 4 HP after the battle.', 0, 9, 0, 0, 0, 0, 'axe', 1),
(389, 'Carrot Axe+', 'weapon', 300, 'If unit initiates attack, unit recovers 4 HP after the battle.', 0, 13, 0, 0, 0, 0, 'axe', 1),
(390, 'Blue Egg', 'weapon', 200, 'If unit initiates attack, unit recovers 4 HP after the battle.', 0, 7, 0, 0, 0, 0, 'bluetome', 1),
(391, 'Blue Egg+', 'weapon', 300, 'If unit initiates attack, unit recovers 4 HP after the battle.', 0, 11, 0, 0, 0, 0, 'bluetome', 1),
(392, 'Green Egg', 'weapon', 200, 'If unit initiates attack, unit recovers 4 HP after the battle.', 0, 7, 0, 0, 0, 0, 'greentome', 1),
(393, 'Green Egg+', 'weapon', 300, 'If unit initiates attack, unit recovers 4 HP after the battle.', 0, 11, 0, 0, 0, 0, 'greentome', 1),
(394, 'Attack Def 1', 'a', 30, 'Grants atk/def +1.', 0, 1, 0, 1, 0, 0, '', 1),
(395, 'Attack Def 2', 'a', 60, 'Grants atk/def +2.', 0, 2, 0, 2, 0, 0, '', 1),
(396, 'Axe Experience 1', 'c', 50, 'If unit survives, unit gets 1.5x EXP. (If similar skill effects also used, only highest multipler applied.)', 0, 0, 0, 0, 0, 0, 'axe', 0),
(397, 'Axe Experience 2', 'c', 100, 'If unit survives, all axe users on team get 1.5x EXP. (If similar skill effects also used, only highest multipler applied.)', 0, 0, 0, 0, 0, 0, 'axe', 0),
(398, 'Axe Experience 3', 'c', 200, 'If unit survives, all axe users on team get 2x EXP. (If similar skill effects also used, only highest multipler applied.)', 0, 0, 0, 0, 0, 0, 'axe', 0),
(399, 'Live for Honor', 'b', 100, 'If unit survives, get 1.5x normal badges from a Training Tower map. (If similar skill effects also used, only highest multiplier applied.)', 0, 0, 0, 0, 0, 0, '', 0),
(400, 'Live for Bounty', 'b', 100, 'If unit survives, get 1.5x normal crystals from a Training Tower map. (If similar skill effects also used, only highest multiplier applied.)', 0, 0, 0, 0, 0, 0, '', 0),
(401, 'Attack 1', 's', 0, 'Atk +1', 0, 1, 0, 0, 0, 0, '', 1),
(403, 'Speed 1', 's', 0, 'Spd +1', 0, 0, 1, 0, 0, 0, '', 1),
(404, 'HP 3', 's', 0, 'HP +3', 3, 0, 0, 0, 0, 0, '', 1),
(405, 'Windsweep 1', 'b', 50, '', 0, 0, 0, 0, 0, 0, 'nonstaff', 1),
(406, 'Windsweep 2', 'b', 100, '', 0, 0, 0, 0, 0, 0, 'nonstaff', 1),
(407, 'Windsweep 3', 'b', 200, '', 0, 0, 0, 0, 0, 0, 'nonstaff', 1),
(408, 'Hit and Run', 'b', 150, 'If unit initiates attack, unit moves back 1 space after battle.', 0, 0, 0, 0, 0, 0, 'melee', 0),
(409, 'Fortress Def 1', 'a', 50, '', 0, -3, 0, 3, 0, 0, '', 1),
(410, 'Fortress Def 2', 'a', 100, '', 0, -3, 0, 4, 0, 0, '', 1);
INSERT INTO `skill` (`skill_id`, `name`, `slot`, `sp`, `description`, `hp`, `atk`, `spd`, `def`, `res`, `charge`, `inheritrule`, `affectsduel`) VALUES
(411, 'Fortress Def 3', 'a', 200, '', 0, -3, 0, 5, 0, 0, '', 1),
(412, 'Firesweep Bow', 'weapon', 200, 'Unit and enemies cannot use counterattacks.', 0, 7, 0, 0, 0, 0, 'bow', 1),
(413, 'Firesweep Bow+', 'weapon', 300, 'Unit and enemies cannot use counterattacks.', 0, 11, 0, 0, 0, 0, 'bow', 1),
(414, 'Bow Experience 1', 'c', 50, '', 0, 0, 0, 0, 0, 0, 'bow', 0),
(415, 'Bow Experience 2', 'c', 100, '', 0, 0, 0, 0, 0, 0, 'bow', 0),
(416, 'Bow Experience 3', 'c', 200, '', 0, 0, 0, 0, 0, 0, 'bow', 0),
(417, 'Eckesachs', 'weapon', 300, 'Inflicts Def-4 on foes within 2 spaces through their next actions at the start of each turn.', 0, 16, 0, 0, 0, 0, 'unique', 1),
(418, 'Ragnell', 'weapon', 400, 'Enables counterattack regardless of distance if this unit is attacked', 0, 16, 0, 0, 0, 0, 'unique', 1),
(419, 'Heavy Blade 1', 'a', 60, '', 0, 0, 0, 0, 0, 0, 'nonstaff', 1),
(420, 'Heavy Blade 2', 'a', 120, '', 0, 0, 0, 0, 0, 0, 'nonstaff', 1),
(421, 'Heavy Blade 3', 'a', 240, '', 0, 0, 0, 0, 0, 0, 'nonstaff', 1),
(422, 'Spur Def Res 1', 'c', 120, '', 0, 0, 0, 0, 0, 0, '', 0),
(423, 'Spur Def Res 2', 'c', 240, '', 0, 0, 0, 0, 0, 0, '', 0),
(424, 'Rexcalibur+', 'weapon', 300, '', 0, 13, 0, 0, 0, 0, 'greentome', 1),
(425, 'Guard 1', 'b', 50, '', 0, 0, 0, 0, 0, 0, '', 1),
(426, 'Guard 2', 'b', 100, '', 0, 0, 0, 0, 0, 0, '', 1),
(427, 'Guard 3', 'b', 200, '', 0, 0, 0, 0, 0, 0, '', 1),
(428, 'Watersweep 1', 'b', 60, '', 0, 0, 0, 0, 0, 0, 'nonstaff', 1),
(429, 'Watersweep 2', 'b', 120, '', 0, 0, 0, 0, 0, 0, 'nonstaff', 1),
(430, 'Watersweep 3', 'b', 240, '', 0, 0, 0, 0, 0, 0, 'nonstaff', 1),
(431, 'Siegfried', 'weapon', 400, '', 0, 16, 0, 0, 0, 0, 'unique', 1),
(432, 'Gronnowl', 'weapon', 200, '', 0, 6, 0, 0, 0, 0, 'greentome', 1),
(433, 'Gronnowl+', 'weapon', 300, '', 0, 10, 0, 0, 0, 0, 'greentome', 1),
(434, 'Earth Boost 1', 'a', 50, '', 0, 0, 0, 0, 0, 0, '', 1),
(435, 'Earth Boost 2', 'a', 100, '', 0, 0, 0, 0, 0, 0, '', 1),
(436, 'Earth Boost 3', 'a', 200, '', 0, 0, 0, 0, 0, 0, '', 1),
(437, 'Ragnarok', 'weapon', 400, '', 0, 14, 0, 0, 0, 0, 'unique', 1),
(438, 'Distant Def 1', 'a', 60, '', 0, 0, 0, 0, 0, 0, '', 1),
(439, 'Distant Def 2', 'a', 120, '', 0, 0, 0, 0, 0, 0, '', 1),
(440, 'Distant Def 3', 'a', 240, '', 0, 0, 0, 0, 0, 0, '', 1),
(441, 'Wrathful Staff 1', 'b', 60, '', 0, 0, 0, 0, 0, 0, 'staff', 1),
(442, 'Wrathful Staff 2', 'b', 120, '', 0, 0, 0, 0, 0, 0, 'staff', 1),
(443, 'Wrathful Staff 3', 'b', 240, '', 0, 0, 0, 0, 0, 0, 'staff', 1),
(444, 'Blarowl', 'weapon', 200, '', 0, 6, 0, 0, 0, 0, 'bluetome', 1),
(445, 'Blarowl+', 'weapon', 300, '', 0, 10, 0, 0, 0, 0, 'bluetome', 1),
(446, 'B Tome Exp. 1', 'c', 50, '', 0, 0, 0, 0, 0, 0, 'bluetome', 0),
(447, 'B Tome Exp. 2', 'c', 100, '', 0, 0, 0, 0, 0, 0, 'bluetome', 0),
(448, 'B Tome Exp. 3', 'c', 200, '', 0, 0, 0, 0, 0, 0, 'bluetome', 0),
(449, 'Regal Blade', 'weapon', 400, '', 0, 16, 0, 0, 0, 0, 'unique', 1),
(450, 'Blessed Bouquet', 'weapon', 200, '', 0, 9, 0, 0, 0, 0, 'bluetome', 1),
(451, 'Blessed Bouquet+', 'weapon', 300, '', 0, 12, 0, 0, 0, 0, 'bluetome', 1),
(452, 'Attack Res 1', 'a', 80, '', 0, 1, 0, 0, 1, 0, '', 1),
(453, 'Attack Res 2', 'a', 160, '', 0, 2, 0, 0, 2, 0, '', 1),
(454, 'Gradivus', 'weapon', 400, '', 0, 16, 0, 0, 0, 0, 'unique', 1),
(455, 'Grani\'s Shield', 'a', 200, '', 0, 0, 0, 0, 0, 0, 'cavalry', 1),
(456, 'First Bite', 'weapon', 200, '', 0, 10, 0, 0, 0, 0, 'lance', 1),
(457, 'First Bite+', 'weapon', 300, '', 0, 14, 0, 0, 0, 0, 'lance', 1),
(458, 'Wind Boost 1', 'a', 50, '', 0, 0, 0, 0, 0, 0, '', 1),
(459, 'Wind Boost 2', 'a', 100, '', 0, 0, 0, 0, 0, 0, '', 1),
(460, 'Wind Boost 3', 'a', 200, '', 0, 0, 0, 0, 0, 0, '', 1),
(461, 'Cupid Arrow', 'weapon', 200, '', 0, 8, 0, 0, 0, 0, 'bow', 1),
(462, 'Cupid Arrow+', 'weapon', 300, '', 0, 12, 0, 0, 0, 0, 'bow', 1),
(463, 'Rally Attack Speed', 'assist', 300, '', 0, 0, 0, 0, 0, 0, 'nonstaff', 0),
(464, 'Candlelight', 'weapon', 150, '', 0, 7, 0, 0, 0, 0, 'staff', 1),
(465, 'Dazzling Staff 1', 'b', 60, '', 0, 0, 0, 0, 0, 0, 'staff', 1),
(466, 'Dazzling Staff 2', 'b', 120, '', 0, 0, 0, 0, 0, 0, 'staff', 1),
(467, 'Dazzling Staff 3', 'b', 240, '', 0, 0, 0, 0, 0, 0, 'staff', 1),
(468, 'Fortify Res 1', 's', 0, '', 0, 0, 0, 0, 0, 0, '', 0),
(469, 'Spur Def 1', 's', 0, '', 0, 0, 0, 0, 0, 0, '', 0),
(470, 'Quickened Pulse', 's', 0, '', 0, 0, 0, 0, 0, 0, '', 1),
(471, 'Breath of Life 1', 's', 0, '', 0, 0, 0, 0, 0, 0, '', 0),
(472, 'Embla\'s Ward', 's', 0, '', 0, 0, 0, 0, 0, 0, '', 1),
(473, 'Raudrowl', 'weapon', 200, '', 0, 6, 0, 0, 0, 0, 'redtome', 1),
(474, 'Raudrowl+', 'weapon', 300, '', 0, 10, 0, 0, 0, 0, 'redtome', 1),
(475, 'Atk Ploy 1', 'c', 60, '', 0, 0, 0, 0, 0, 0, '', 1),
(476, 'Atk Ploy 2', 'c', 120, '', 0, 0, 0, 0, 0, 0, '', 1),
(477, 'Atk Ploy 3', 'c', 240, '', 0, 0, 0, 0, 0, 0, '', 1),
(478, 'Sturdy Blow 1', 'a', 120, '', 0, 0, 0, 0, 0, 0, 'nonstaff', 1),
(479, 'Sturdy Blow 2', 'a', 240, '', 0, 0, 0, 0, 0, 0, 'nonstaff', 1),
(480, 'Sword Exp. 1', 'c', 30, '', 0, 0, 0, 0, 0, 0, 'sword', 0),
(481, 'Sword Exp. 2', 'c', 60, '', 0, 0, 0, 0, 0, 0, 'sword', 0),
(482, 'Sword Exp. 3', 'c', 120, '', 0, 0, 0, 0, 0, 0, 'sword', 0),
(483, 'Firesweep Lance', 'weapon', 200, '', 0, 11, 0, 0, 0, 0, 'lance', 1),
(484, 'Firesweep Lance+', 'weapon', 300, '', 0, 15, 0, 0, 0, 0, 'lance', 1),
(485, 'Rally Defense Resist', 'assist', 300, '', 0, 0, 0, 0, 0, 0, 'nonstaff', 0),
(486, 'Drive Def 1', 'c', 120, '', 0, 0, 0, 0, 0, 0, '', 0),
(487, 'Drive Def 2', 'c', 240, '', 0, 0, 0, 0, 0, 0, '', 0),
(488, 'Fire Boost 1', 'a', 50, '', 0, 0, 0, 0, 0, 0, '', 1),
(489, 'Fire Boost 2', 'a', 100, '', 0, 0, 0, 0, 0, 0, '', 1),
(490, 'Fire Boost 3', 'a', 200, '', 0, 0, 0, 0, 0, 0, '', 1),
(491, 'Panic Ploy 1', 'c', 60, '', 0, 0, 0, 0, 0, 0, '', 1),
(492, 'Panic Ploy 2', 'c', 120, '', 0, 0, 0, 0, 0, 0, '', 1),
(493, 'Panic Ploy 3', 'c', 240, '', 0, 0, 0, 0, 0, 0, '', 1),
(494, 'Legion\'s Axe', 'weapon', 200, '', 0, 10, 0, 0, 0, 0, 'axe', 1),
(495, 'Legion\'s Axe+', 'weapon', 300, '', 0, 14, 0, 0, 0, 0, 'axe', 1),
(496, 'Clarisse\'s Bow', 'weapon', 200, '', 0, 7, 0, 0, 0, 0, 'bow', 1),
(497, 'Clarisse\'s Bow+', 'weapon', 300, '', 0, 11, 0, 0, 0, 0, 'bow', 1),
(498, 'Seashell', 'weapon', 200, '', 0, 7, 0, 0, 0, 0, 'dagger', 1),
(499, 'Seashell+', 'weapon', 300, '', 0, 10, 0, 0, 0, 0, 'dagger', 1),
(500, 'Seal Atk Spd 1', 'b', 80, '', 0, 0, 0, 0, 0, 0, '', 1),
(501, 'Seal Atk Spd 2', 'b', 160, '', 0, 0, 0, 0, 0, 0, '', 1),
(502, 'Refreshing Bolt', 'weapon', 200, '', 0, 8, 0, 0, 0, 0, 'bow', 1),
(503, 'Refreshing Bolt+', 'weapon', 300, '', 0, 12, 0, 0, 0, 0, 'bow', 1),
(504, 'Def Ploy 1', 'c', 60, '', 0, 0, 0, 0, 0, 0, '', 1),
(505, 'Def Ploy 2', 'c', 120, '', 0, 0, 0, 0, 0, 0, '', 1),
(506, 'Def Ploy 3', 'c', 240, '', 0, 0, 0, 0, 0, 0, '', 1),
(507, 'Deft Harpoon', 'weapon', 200, '', 0, 10, 0, 0, 0, 0, 'lance', 1),
(508, 'Deft Harpoon+', 'weapon', 300, '', 0, 14, 0, 0, 0, 0, 'lance', 1),
(509, 'Lance Valor 1', 'c', 30, '', 0, 0, 0, 0, 0, 0, 'lance', 0),
(510, 'Lance Valor 2', 'c', 60, '', 0, 0, 0, 0, 0, 0, 'lance', 0),
(511, 'Lance Valor 3', 'c', 120, '', 0, 0, 0, 0, 0, 0, 'lance', 0),
(512, 'Melon Crusher', 'weapon', 200, '', 0, 10, 0, 0, 0, 0, 'axe', 1),
(513, 'Melon Crusher+', 'weapon', 300, '', 0, 14, 0, 0, 0, 0, 'axe', 1),
(514, 'HP Def 1', 'a', 80, '', 3, 0, 0, 1, 0, 0, '', 1),
(515, 'HP Def 2', 'a', 160, '', 4, 0, 0, 2, 0, 0, '', 1),
(516, 'Close Def 1', 'a', 60, '', 0, 0, 0, 0, 0, 0, '', 1),
(517, 'Close Def 2', 'a', 120, '', 0, 0, 0, 0, 0, 0, '', 1),
(518, 'Close Def 3', 'a', 240, '', 0, 0, 0, 0, 0, 0, '', 1),
(519, 'Axe Valor 1', 'c', 30, '', 0, 0, 0, 0, 0, 0, '', 0),
(520, 'Axe Valor 2', 'c', 60, '', 0, 0, 0, 0, 0, 0, '', 0),
(521, 'Axe Valor 3', 'c', 120, '', 0, 0, 0, 0, 0, 0, '', 0),
(522, 'Dark Aura', 'weapon', 400, 'Grants adjacent allies who use swords, axes, lances, or dragonstones Atk+6 through their next actions at the start of each turn.', 0, 14, 0, 0, 0, 0, 'unique', 1),
(523, 'Drive Atk 1', 'c', 120, 'Grants allies within 2 spaces Atk+2 during combat.', 0, 0, 0, 0, 0, 0, '', 1),
(524, 'Drive Atk 2', 'c', 240, 'Grants allies within 2 spaces Atk+3 during combat.', 0, 0, 0, 0, 0, 0, '', 1),
(525, 'Dark Excalibur', 'weapon', 400, 'Grants +10 to damage when special triggers.', 0, 14, 0, 0, 0, 0, 'unique', 1),
(526, 'Mirror Strike 1', 'a', 120, 'Grants Atk/Res+2 during combat if unit initiates combat.', 0, 0, 0, 0, 0, 0, 'nonstaff', 1),
(527, 'Mirror Strike 2', 'a', 240, 'Grants Atk/Res+4 during combat if unit initiates combat.', 0, 0, 0, 0, 0, 0, 'nonstaff', 1),
(528, 'Res Ploy 1', 'c', 60, 'At start of turn, all foes in cardinal directions with Res 1 or more lower than unit suffer Res-3 until the end of foe\'s next action.', 0, 0, 0, 0, 0, 0, '', 1),
(529, 'Res Ploy 2', 'c', 120, 'At start of turn, all foes in cardinal directions with Res 1 or more lower than unit suffer Res-4 until the end of foe\'s next action.', 0, 0, 0, 0, 0, 0, '', 1),
(530, 'Res Ploy 3', 'c', 240, 'At start of turn, all foes in cardinal directions with Res 1 or more lower than unit suffer Res-5 until the end of foe\'s next action.', 0, 0, 0, 0, 0, 0, '', 1),
(531, 'Zanbato', 'weapon', 200, 'Effective against cavalry units.', 0, 10, 0, 0, 0, 0, 'sword', 1),
(532, 'Zanbato+', 'weapon', 300, 'Effective against cavalry units.', 0, 14, 0, 0, 0, 0, 'sword', 1),
(533, 'Sword Valor 1', 'c', 30, 'If unit survives and uses a sword, unit gets 1.5x SP. (If similar skill effects also used, only highest multiplier applied.)', 0, 0, 0, 0, 0, 0, 'sword', 0),
(534, 'Sword Valor 2', 'c', 60, 'If unit survives and uses a sword, unit gets 1.5x SP. (If similar skill effects also used, only highest multiplier applied.)', 0, 0, 0, 0, 0, 0, 'sword', 0),
(535, 'Sword Valor 3', 'c', 120, 'If unit survives and uses a sword, unit gets 2x SP. (If similar skill effects also used, only highest multiplier applied.)', 0, 0, 0, 0, 0, 0, 'sword', 0),
(536, 'Slaying Bow', 'weapon', 200, 'Effective against flying units. Accelerates Special trigger (cooldown count-1).', 0, 8, 0, 0, 0, 0, 'bow', 1),
(537, 'Slaying Bow+', 'weapon', 300, 'Effective against flying units. Accelerates Special trigger (cooldown count-1).', 0, 12, 0, 0, 0, 0, 'bow', 1),
(538, 'Slaying Edge', 'weapon', 200, 'Accelerates Special trigger (cooldown count-1).', 0, 10, 0, 0, 0, 0, 'sword', 1),
(539, 'Slaying Edge+', 'weapon', 300, 'Accelerates Special trigger (cooldown count-1).', 0, 14, 0, 0, 0, 0, 'sword', 1),
(540, 'HP Spd 1', 'a', 100, 'Grants HP+3, Spd+1.', 3, 0, 1, 0, 0, 0, '', 1),
(541, 'HP Spd 2', 'a', 200, 'Grants HP+4, Spd+2.', 4, 0, 2, 0, 0, 0, '', 1),
(542, 'Shield Pulse 1', 'b', 60, 'If unit\'s Special triggers based on a foe\'s attack, Special cooldown count-1 at start of turn 1.', 0, 0, 0, 0, 0, 0, 'melee,noncavalry,nonflying', 1),
(543, 'Shield Pulse 2', 'b', 120, 'If unit\'s Special triggers based on a foe\'s attack, Special cooldown count-1 at start of turn 1. Unit takes 5 less damage when Special triggers.', 0, 0, 0, 0, 0, 0, 'melee,noncavalry,nonflying', 1),
(544, 'Shield Pulse 3', 'b', 240, 'If unit\'s Special triggers based on a foe\'s attack, Special cooldown count-2 at start of turn 1. Unit takes 5 less damage when Special triggers.', 0, 0, 0, 0, 0, 0, 'melee,noncavalry,nonflying', 1);

-- --------------------------------------------------------

--
-- Table structure for table `skill_prereq`
--

CREATE TABLE `skill_prereq` (
  `skill_id` int(11) NOT NULL,
  `required_id` int(11) NOT NULL
) ENGINE=InnoDB DEFAULT CHARSET=latin1;

--
-- Dumping data for table `skill_prereq`
--

INSERT INTO `skill_prereq` (`skill_id`, `required_id`) VALUES
(2, 1),
(3, 2),
(4, 3),
(5, 2),
(6, 5),
(7, 2),
(8, 7),
(9, 2),
(10, 9),
(11, 2),
(12, 11),
(13, 2),
(14, 13),
(15, 3),
(16, 3),
(17, 3),
(18, 3),
(19, 3),
(20, 3),
(21, 3),
(22, 3),
(23, 3),
(24, 3),
(26, 25),
(27, 26),
(28, 27),
(30, 29),
(31, 30),
(32, 31),
(33, 26),
(33, 30),
(34, 33),
(35, 26),
(35, 30),
(36, 35),
(37, 26),
(37, 30),
(38, 37),
(39, 31),
(40, 27),
(42, 41),
(43, 42),
(44, 43),
(45, 42),
(46, 45),
(47, 42),
(48, 47),
(49, 42),
(50, 49),
(51, 42),
(52, 51),
(53, 43),
(54, 43),
(55, 43),
(57, 56),
(58, 57),
(59, 57),
(60, 59),
(61, 57),
(62, 61),
(63, 57),
(64, 63),
(65, 58),
(66, 58),
(68, 67),
(69, 68),
(70, 69),
(71, 68),
(72, 71),
(73, 68),
(74, 73),
(75, 68),
(76, 75),
(77, 68),
(78, 77),
(79, 69),
(80, 69),
(82, 81),
(83, 82),
(84, 82),
(85, 84),
(86, 82),
(87, 86),
(88, 82),
(89, 88),
(90, 83),
(91, 83),
(93, 92),
(94, 93),
(95, 94),
(96, 93),
(97, 96),
(98, 93),
(99, 98),
(100, 93),
(101, 100),
(103, 102),
(104, 103),
(105, 104),
(106, 103),
(107, 106),
(108, 103),
(109, 108),
(110, 103),
(111, 110),
(112, 104),
(113, 104),
(115, 114),
(116, 115),
(117, 116),
(118, 115),
(119, 118),
(120, 115),
(121, 120),
(122, 115),
(123, 122),
(124, 116),
(126, 125),
(127, 125),
(128, 125),
(129, 125),
(130, 125),
(131, 125),
(146, 145),
(147, 145),
(148, 146),
(149, 146),
(150, 147),
(151, 147),
(161, 154),
(162, 154),
(163, 155),
(164, 155),
(165, 156),
(166, 156),
(167, 157),
(168, 157),
(169, 158),
(170, 158),
(171, 159),
(172, 159),
(173, 160),
(174, 160),
(175, 162),
(176, 168),
(176, 170),
(181, 177),
(182, 177),
(183, 178),
(184, 178),
(185, 179),
(186, 179),
(187, 180),
(188, 180),
(191, 189),
(192, 189),
(193, 190),
(194, 190),
(203, 202),
(204, 203),
(206, 205),
(207, 206),
(209, 208),
(210, 209),
(212, 211),
(213, 212),
(215, 214),
(216, 215),
(218, 217),
(219, 218),
(221, 220),
(222, 221),
(224, 223),
(225, 224),
(227, 226),
(228, 227),
(230, 229),
(231, 230),
(233, 232),
(234, 233),
(236, 235),
(237, 236),
(239, 238),
(240, 239),
(242, 241),
(243, 242),
(245, 244),
(246, 245),
(248, 247),
(249, 248),
(254, 253),
(255, 254),
(257, 256),
(258, 257),
(260, 259),
(261, 260),
(263, 262),
(264, 263),
(266, 265),
(267, 266),
(269, 268),
(270, 269),
(272, 271),
(273, 272),
(275, 274),
(276, 275),
(278, 277),
(279, 278),
(281, 280),
(282, 281),
(284, 283),
(285, 284),
(287, 286),
(288, 287),
(290, 289),
(291, 290),
(293, 292),
(294, 293),
(296, 295),
(297, 296),
(299, 298),
(300, 299),
(302, 301),
(303, 302),
(305, 304),
(306, 305),
(308, 307),
(309, 308),
(311, 310),
(312, 311),
(314, 313),
(315, 314),
(317, 316),
(318, 317),
(320, 319),
(321, 320),
(323, 322),
(324, 323),
(329, 328),
(330, 329),
(332, 331),
(333, 332),
(335, 334),
(336, 335),
(338, 337),
(339, 338),
(341, 340),
(342, 341),
(344, 343),
(345, 344),
(347, 346),
(348, 347),
(350, 349),
(351, 350),
(353, 352),
(354, 353),
(356, 355),
(357, 356),
(359, 358),
(360, 359),
(362, 361),
(363, 362),
(365, 364),
(366, 365),
(368, 367),
(369, 368),
(370, 329),
(370, 332),
(371, 335),
(371, 338),
(372, 341),
(372, 344),
(373, 347),
(373, 350),
(374, 329),
(374, 332),
(375, 335),
(375, 338),
(376, 341),
(376, 344),
(377, 347),
(377, 350),
(378, 329),
(378, 332),
(379, 335),
(379, 338),
(380, 341),
(380, 344),
(381, 347),
(381, 350),
(382, 335),
(382, 338),
(384, 226),
(384, 229),
(385, 384),
(386, 68),
(387, 386),
(388, 42),
(389, 388),
(390, 82),
(391, 390),
(392, 57),
(393, 392),
(394, 205),
(394, 211),
(395, 394),
(397, 396),
(398, 397),
(406, 405),
(407, 406),
(410, 409),
(411, 410),
(412, 103),
(413, 412),
(415, 414),
(416, 415),
(417, 3),
(418, 3),
(420, 419),
(421, 420),
(422, 346),
(422, 349),
(423, 422),
(424, 58),
(426, 425),
(427, 426),
(429, 428),
(430, 429),
(431, 3),
(432, 57),
(433, 432),
(435, 434),
(436, 435),
(437, 27),
(439, 438),
(440, 439),
(442, 441),
(443, 442),
(444, 82),
(445, 444),
(447, 446),
(448, 447),
(449, 3),
(450, 82),
(451, 450),
(452, 205),
(452, 214),
(453, 452),
(454, 69),
(456, 68),
(457, 456),
(459, 458),
(460, 459),
(461, 103),
(462, 461),
(463, 132),
(463, 133),
(464, 125),
(466, 465),
(467, 466),
(473, 26),
(473, 30),
(474, 473),
(476, 475),
(477, 476),
(478, 223),
(478, 229),
(479, 478),
(481, 480),
(482, 481),
(483, 68),
(484, 483),
(485, 134),
(485, 135),
(486, 346),
(487, 486),
(489, 488),
(490, 489),
(492, 491),
(493, 492),
(494, 42),
(495, 494),
(496, 103),
(497, 496),
(498, 115),
(499, 498),
(500, 253),
(500, 256),
(501, 500),
(502, 103),
(503, 502),
(505, 504),
(506, 505),
(507, 68),
(508, 507),
(510, 509),
(511, 510),
(512, 42),
(513, 512),
(514, 202),
(514, 211),
(515, 514),
(517, 516),
(518, 517),
(520, 519),
(521, 520),
(522, 83),
(523, 340),
(524, 523),
(525, 58),
(526, 232),
(527, 526),
(529, 528),
(530, 529),
(531, 2),
(532, 531),
(534, 533),
(535, 534),
(536, 103),
(537, 536),
(538, 2),
(539, 538),
(540, 202),
(541, 540),
(543, 542),
(544, 543);

--
-- Indexes for dumped tables
--

--
-- Indexes for table `hero`
--
ALTER TABLE `hero`
  ADD PRIMARY KEY (`hero_id`);

--
-- Indexes for table `hero_skill`
--
ALTER TABLE `hero_skill`
  ADD PRIMARY KEY (`hero_id`,`skill_id`);

--
-- Indexes for table `skill`
--
ALTER TABLE `skill`
  ADD PRIMARY KEY (`skill_id`);

--
-- Indexes for table `skill_prereq`
--
ALTER TABLE `skill_prereq`
  ADD PRIMARY KEY (`skill_id`,`required_id`);

--
-- AUTO_INCREMENT for dumped tables
--

--
-- AUTO_INCREMENT for table `hero`
--
ALTER TABLE `hero`
  MODIFY `hero_id` int(11) NOT NULL AUTO_INCREMENT, AUTO_INCREMENT=156;
--
-- AUTO_INCREMENT for table `skill`
--
ALTER TABLE `skill`
  MODIFY `skill_id` int(11) NOT NULL AUTO_INCREMENT, AUTO_INCREMENT=550;
/*!40101 SET CHARACTER_SET_CLIENT=@OLD_CHARACTER_SET_CLIENT */;
/*!40101 SET CHARACTER_SET_RESULTS=@OLD_CHARACTER_SET_RESULTS */;
/*!40101 SET COLLATION_CONNECTION=@OLD_COLLATION_CONNECTION */;
